Tahun;Kode Wilayah;Kabupaten_Kota;Kelompok Bahan;Komoditas;Konsumsi Pangan
2023;1804;Lampung Barat;Padi-Padian;Padi-Padian;125,89
2023;1804;Lampung Barat;Padi-Padian;Beras;107,48
2023;1804;Lampung Barat;Padi-Padian;Jagung;0,27
2023;1804;Lampung Barat;Padi-Padian;Terigu;18,14
2023;1804;Lampung Barat;Umbi-umbian;Umbi-umbian;21,97
2023;1804;Lampung Barat;Umbi-umbian;Singkong;13,65
2023;1804;Lampung Barat;Umbi-umbian;Ubi Jalar;5,41
2023;1804;Lampung Barat;Umbi-umbian;kentang;1,81
2023;1804;Lampung Barat;Umbi-umbian;Sagu;0,30
2023;1804;Lampung Barat;Umbi-umbian;Umbi lainnya;0,80
2023;1804;Lampung Barat;Pangan Hewani;Pangan Hewani;34,39
2023;1804;Lampung Barat;Pangan Hewani;Daging Ruminansia;2,21
2023;1804;Lampung Barat;Pangan Hewani;Daging Unggas;4,91
2023;1804;Lampung Barat;Pangan Hewani;Telur;5,81
2023;1804;Lampung Barat;Pangan Hewani;Susu;1,67
2023;1804;Lampung Barat;Pangan Hewani;Ikan ;19,79
2023;1804;Lampung Barat;Minyak dan Lemak;Minyak dan Lemak;11,7
2023;1804;Lampung Barat;Minyak dan Lemak;Minyak Kelapa;0,11
2023;1804;Lampung Barat;Minyak dan Lemak;Minyak sawit;11,33
2023;1804;Lampung Barat;Minyak dan Lemak;Minyak lainnya;0,26
2023;1804;Lampung Barat;Buah/Biji Berminyak;Buah/Biji Berminyak;1,57
2023;1804;Lampung Barat;Buah/Biji Berminyak;Kelapa;1,39
2023;1804;Lampung Barat;Buah/Biji Berminyak;Kemiri;0,18
2023;1804;Lampung Barat;Kacang-kacangan;Kacang-kacangan;11,29
2023;1804;Lampung Barat;Kacang-kacangan;Kedelai;10,42
2023;1804;Lampung Barat;Kacang-kacangan;Kacang tanah;0,38
2023;1804;Lampung Barat;Kacang-kacangan;Kacang hijau;0,14
2023;1804;Lampung Barat;Kacang-kacangan;kacang lain;0,35
2023;1804;Lampung Barat;Gula;Gula;7,57
2023;1804;Lampung Barat;Gula;Gula Pasir;6,19
2023;1804;Lampung Barat;Gula;Gula Merah;1,38
2023;1804;Lampung Barat;Sayur dan Buah;Sayur dan Buah;98,19
2023;1804;Lampung Barat;Sayur dan Buah;Sayur;71,25
2023;1804;Lampung Barat;Sayur dan Buah;Buah;26,94
2023;1806;Tanggamus;Padi-Padian;Padi-Padian;117,64
2023;1806;Tanggamus;Padi-Padian;Beras;98,50
2023;1806;Tanggamus;Padi-Padian;Jagung;0,66
2023;1806;Tanggamus;Padi-Padian;Terigu;18,48
2023;1806;Tanggamus;Umbi-umbian;Umbi-umbian;21,42
2023;1806;Tanggamus;Umbi-umbian;Singkong;14,47
2023;1806;Tanggamus;Umbi-umbian;Ubi Jalar;3,25
2023;1806;Tanggamus;Umbi-umbian;kentang;0,99
2023;1806;Tanggamus;Umbi-umbian;Sagu;0,02
2023;1806;Tanggamus;Umbi-umbian;Umbi lainnya;2,69
2023;1806;Tanggamus;Pangan Hewani;Pangan Hewani;41,88
2023;1806;Tanggamus;Pangan Hewani;Daging Ruminansia;2,68
2023;1806;Tanggamus;Pangan Hewani;Daging Unggas;7,61
2023;1806;Tanggamus;Pangan Hewani;Telur;6,52
2023;1806;Tanggamus;Pangan Hewani;Susu;1,97
2023;1806;Tanggamus;Pangan Hewani;Ikan ;23,10
2023;1806;Tanggamus;Minyak dan Lemak;Minyak dan Lemak;11,24
2023;1806;Tanggamus;Minyak dan Lemak;Minyak Kelapa;0,22
2023;1806;Tanggamus;Minyak dan Lemak;Minyak sawit;10,74
2023;1806;Tanggamus;Minyak dan Lemak;Minyak lainnya;0,28
2023;1806;Tanggamus;Buah/Biji Berminyak;Buah/Biji Berminyak;2,23
2023;1806;Tanggamus;Buah/Biji Berminyak;Kelapa;1,96
2023;1806;Tanggamus;Buah/Biji Berminyak;Kemiri;0,27
2023;1806;Tanggamus;Kacang-kacangan;Kacang-kacangan;8,25
2023;1806;Tanggamus;Kacang-kacangan;Kedelai;7,63
2023;1806;Tanggamus;Kacang-kacangan;Kacang tanah;0,18
2023;1806;Tanggamus;Kacang-kacangan;Kacang hijau;0,28
2023;1806;Tanggamus;Kacang-kacangan;kacang lain;0,16
2023;1806;Tanggamus;Gula;Gula;8,55
2023;1806;Tanggamus;Gula;Gula Pasir;6,93
2023;1806;Tanggamus;Gula;Gula Merah;1,62
2023;1806;Tanggamus;Sayur dan Buah;Sayur dan Buah;110,89
2023;1806;Tanggamus;Sayur dan Buah;Sayur;74,72
2023;1806;Tanggamus;Sayur dan Buah;Buah;36,17
2023;1801;Lampung Selatan;Padi-Padian;Padi-Padian;107,15
2023;1801;Lampung Selatan;Padi-Padian;Beras;90,29
2023;1801;Lampung Selatan;Padi-Padian;Jagung;0,95
2023;1801;Lampung Selatan;Padi-Padian;Terigu;15,91
2023;1801;Lampung Selatan;Umbi-umbian;Umbi-umbian;14,98
2023;1801;Lampung Selatan;Umbi-umbian;Singkong;9,87
2023;1801;Lampung Selatan;Umbi-umbian;Ubi Jalar;3,21
2023;1801;Lampung Selatan;Umbi-umbian;kentang;1,60
2023;1801;Lampung Selatan;Umbi-umbian;Sagu;0,00
2023;1801;Lampung Selatan;Umbi-umbian;Umbi lainnya;0,30
2023;1801;Lampung Selatan;Pangan Hewani;Pangan Hewani;44,3
2023;1801;Lampung Selatan;Pangan Hewani;Daging Ruminansia;3,84
2023;1801;Lampung Selatan;Pangan Hewani;Daging Unggas;8,15
2023;1801;Lampung Selatan;Pangan Hewani;Telur;7,51
2023;1801;Lampung Selatan;Pangan Hewani;Susu;1,81
2023;1801;Lampung Selatan;Pangan Hewani;Ikan ;22,99
2023;1801;Lampung Selatan;Minyak dan Lemak;Minyak dan Lemak;12,01
2023;1801;Lampung Selatan;Minyak dan Lemak;Minyak Kelapa;0,04
2023;1801;Lampung Selatan;Minyak dan Lemak;Minyak sawit;11,58
2023;1801;Lampung Selatan;Minyak dan Lemak;Minyak lainnya;0,39
2023;1801;Lampung Selatan;Buah/Biji Berminyak;Buah/Biji Berminyak;1,35
2023;1801;Lampung Selatan;Buah/Biji Berminyak;Kelapa;1,12
2023;1801;Lampung Selatan;Buah/Biji Berminyak;Kemiri;0,23
2023;1801;Lampung Selatan;Kacang-kacangan;Kacang-kacangan;13,02
2023;1801;Lampung Selatan;Kacang-kacangan;Kedelai;12,54
2023;1801;Lampung Selatan;Kacang-kacangan;Kacang tanah;0,17
2023;1801;Lampung Selatan;Kacang-kacangan;Kacang hijau;0,20
2023;1801;Lampung Selatan;Kacang-kacangan;kacang lain;0,11
2023;1801;Lampung Selatan;Gula;Gula;6,31
2023;1801;Lampung Selatan;Gula;Gula Pasir;5,65
2023;1801;Lampung Selatan;Gula;Gula Merah;0,66
2023;1801;Lampung Selatan;Sayur dan Buah;Sayur dan Buah;95,35
2023;1801;Lampung Selatan;Sayur dan Buah;Sayur;62,14
2023;1801;Lampung Selatan;Sayur dan Buah;Buah;33,21
2023;1807;Lampung Timur;Padi-Padian;Padi-Padian;107,19
2023;1807;Lampung Timur;Padi-Padian;Beras;92,81
2023;1807;Lampung Timur;Padi-Padian;Jagung;0,55
2023;1807;Lampung Timur;Padi-Padian;Terigu;13,83
2023;1807;Lampung Timur;Umbi-umbian;Umbi-umbian;17,43
2023;1807;Lampung Timur;Umbi-umbian;Singkong;13,35
2023;1807;Lampung Timur;Umbi-umbian;Ubi Jalar;2,45
2023;1807;Lampung Timur;Umbi-umbian;kentang;1,43
2023;1807;Lampung Timur;Umbi-umbian;Sagu;0,04
2023;1807;Lampung Timur;Umbi-umbian;Umbi lainnya;0,16
2023;1807;Lampung Timur;Pangan Hewani;Pangan Hewani;40,71
2023;1807;Lampung Timur;Pangan Hewani;Daging Ruminansia;3,33
2023;1807;Lampung Timur;Pangan Hewani;Daging Unggas;7,46
2023;1807;Lampung Timur;Pangan Hewani;Telur;6,49
2023;1807;Lampung Timur;Pangan Hewani;Susu;1,82
2023;1807;Lampung Timur;Pangan Hewani;Ikan ;21,61
2023;1807;Lampung Timur;Minyak dan Lemak;Minyak dan Lemak;11,13
2023;1807;Lampung Timur;Minyak dan Lemak;Minyak Kelapa;0,12
2023;1807;Lampung Timur;Minyak dan Lemak;Minyak sawit;10,69
2023;1807;Lampung Timur;Minyak dan Lemak;Minyak lainnya;0,32
2023;1807;Lampung Timur;Buah/Biji Berminyak;Buah/Biji Berminyak;3,15
2023;1807;Lampung Timur;Buah/Biji Berminyak;Kelapa;2,86
2023;1807;Lampung Timur;Buah/Biji Berminyak;Kemiri;0,29
2023;1807;Lampung Timur;Kacang-kacangan;Kacang-kacangan;10,29
2023;1807;Lampung Timur;Kacang-kacangan;Kedelai;9,49
2023;1807;Lampung Timur;Kacang-kacangan;Kacang tanah;0,45
2023;1807;Lampung Timur;Kacang-kacangan;Kacang hijau;0,22
2023;1807;Lampung Timur;Kacang-kacangan;kacang lain;0,13
2023;1807;Lampung Timur;Gula;Gula;7,18
2023;1807;Lampung Timur;Gula;Gula Pasir;6,00
2023;1807;Lampung Timur;Gula;Gula Merah;1,18
2023;1807;Lampung Timur;Sayur dan Buah;Sayur dan Buah;106,9
2023;1807;Lampung Timur;Sayur dan Buah;Sayur;67,78
2023;1807;Lampung Timur;Sayur dan Buah;Buah;39,12
2023;1802;Lampung Tengah;Padi-Padian;Padi-Padian;111,75
2023;1802;Lampung Tengah;Padi-Padian;Beras;92,70
2023;1802;Lampung Tengah;Padi-Padian;Jagung;0,74
2023;1802;Lampung Tengah;Padi-Padian;Terigu;18,31
2023;1802;Lampung Tengah;Umbi-umbian;Umbi-umbian;22,12
2023;1802;Lampung Tengah;Umbi-umbian;Singkong;16,60
2023;1802;Lampung Tengah;Umbi-umbian;Ubi Jalar;3,74
2023;1802;Lampung Tengah;Umbi-umbian;kentang;1,49
2023;1802;Lampung Tengah;Umbi-umbian;Sagu;0,01
2023;1802;Lampung Tengah;Umbi-umbian;Umbi lainnya;0,28
2023;1802;Lampung Tengah;Pangan Hewani;Pangan Hewani;44,28
2023;1802;Lampung Tengah;Pangan Hewani;Daging Ruminansia;3,71
2023;1802;Lampung Tengah;Pangan Hewani;Daging Unggas;7,82
2023;1802;Lampung Tengah;Pangan Hewani;Telur;6,90
2023;1802;Lampung Tengah;Pangan Hewani;Susu;2,23
2023;1802;Lampung Tengah;Pangan Hewani;Ikan ;23,62
2023;1802;Lampung Tengah;Minyak dan Lemak;Minyak dan Lemak;12,31
2023;1802;Lampung Tengah;Minyak dan Lemak;Minyak Kelapa;0,32
2023;1802;Lampung Tengah;Minyak dan Lemak;Minyak sawit;11,69
2023;1802;Lampung Tengah;Minyak dan Lemak;Minyak lainnya;0,30
2023;1802;Lampung Tengah;Buah/Biji Berminyak;Buah/Biji Berminyak;2,62
2023;1802;Lampung Tengah;Buah/Biji Berminyak;Kelapa;2,39
2023;1802;Lampung Tengah;Buah/Biji Berminyak;Kemiri;0,23
2023;1802;Lampung Tengah;Kacang-kacangan;Kacang-kacangan;11,75
2023;1802;Lampung Tengah;Kacang-kacangan;Kedelai;11,14
2023;1802;Lampung Tengah;Kacang-kacangan;Kacang tanah;0,26
2023;1802;Lampung Tengah;Kacang-kacangan;Kacang hijau;0,26
2023;1802;Lampung Tengah;Kacang-kacangan;kacang lain;0,09
2023;1802;Lampung Tengah;Gula;Gula;7,28
2023;1802;Lampung Tengah;Gula;Gula Pasir;5,97
2023;1802;Lampung Tengah;Gula;Gula Merah;1,31
2023;1802;Lampung Tengah;Sayur dan Buah;Sayur dan Buah;112,94
2023;1802;Lampung Tengah;Sayur dan Buah;Sayur;74,39
2023;1802;Lampung Tengah;Sayur dan Buah;Buah;38,55
2023;1803;Lampung Utara;Padi-Padian;Padi-Padian;101,61
2023;1803;Lampung Utara;Padi-Padian;Beras;87,51
2023;1803;Lampung Utara;Padi-Padian;Jagung;0,57
2023;1803;Lampung Utara;Padi-Padian;Terigu;13,53
2023;1803;Lampung Utara;Umbi-umbian;Umbi-umbian;14,82
2023;1803;Lampung Utara;Umbi-umbian;Singkong;10,91
2023;1803;Lampung Utara;Umbi-umbian;Ubi Jalar;2,56
2023;1803;Lampung Utara;Umbi-umbian;kentang;1,15
2023;1803;Lampung Utara;Umbi-umbian;Sagu;0,02
2023;1803;Lampung Utara;Umbi-umbian;Umbi lainnya;0,18
2023;1803;Lampung Utara;Pangan Hewani;Pangan Hewani;39,47
2023;1803;Lampung Utara;Pangan Hewani;Daging Ruminansia;2,78
2023;1803;Lampung Utara;Pangan Hewani;Daging Unggas;6,99
2023;1803;Lampung Utara;Pangan Hewani;Telur;7,15
2023;1803;Lampung Utara;Pangan Hewani;Susu;1,97
2023;1803;Lampung Utara;Pangan Hewani;Ikan ;20,58
2023;1803;Lampung Utara;Minyak dan Lemak;Minyak dan Lemak;11,38
2023;1803;Lampung Utara;Minyak dan Lemak;Minyak Kelapa;0,13
2023;1803;Lampung Utara;Minyak dan Lemak;Minyak sawit;11,21
2023;1803;Lampung Utara;Minyak dan Lemak;Minyak lainnya;0,04
2023;1803;Lampung Utara;Buah/Biji Berminyak;Buah/Biji Berminyak;0,63
2023;1803;Lampung Utara;Buah/Biji Berminyak;Kelapa;0,61
2023;1803;Lampung Utara;Buah/Biji Berminyak;Kemiri;0,02
2023;1803;Lampung Utara;Kacang-kacangan;Kacang-kacangan;8,58
2023;1803;Lampung Utara;Kacang-kacangan;Kedelai;8,16
2023;1803;Lampung Utara;Kacang-kacangan;Kacang tanah;0,25
2023;1803;Lampung Utara;Kacang-kacangan;Kacang hijau;0,11
2023;1803;Lampung Utara;Kacang-kacangan;kacang lain;0,06
2023;1803;Lampung Utara;Gula;Gula;7,97
2023;1803;Lampung Utara;Gula;Gula Pasir;7,38
2023;1803;Lampung Utara;Gula;Gula Merah;0,59
2023;1803;Lampung Utara;Sayur dan Buah;Sayur dan Buah;91,84
2023;1803;Lampung Utara;Sayur dan Buah;Sayur;62,25
2023;1803;Lampung Utara;Sayur dan Buah;Buah;29,59
2023;1808;Way Kawan;Padi-Padian;Padi-Padian;115,94
2023;1808;Way Kawan;Padi-Padian;Beras;98,27
2023;1808;Way Kawan;Padi-Padian;Jagung;0,75
2023;1808;Way Kawan;Padi-Padian;Terigu;16,92
2023;1808;Way Kawan;Umbi-umbian;Umbi-umbian;15,53
2023;1808;Way Kawan;Umbi-umbian;Singkong;9,83
2023;1808;Way Kawan;Umbi-umbian;Ubi Jalar;3,91
2023;1808;Way Kawan;Umbi-umbian;kentang;1,40
2023;1808;Way Kawan;Umbi-umbian;Sagu;0,01
2023;1808;Way Kawan;Umbi-umbian;Umbi lainnya;0,38
2023;1808;Way Kawan;Pangan Hewani;Pangan Hewani;43,14
2023;1808;Way Kawan;Pangan Hewani;Daging Ruminansia;3,97
2023;1808;Way Kawan;Pangan Hewani;Daging Unggas;7,46
2023;1808;Way Kawan;Pangan Hewani;Telur;7,25
2023;1808;Way Kawan;Pangan Hewani;Susu;2,04
2023;1808;Way Kawan;Pangan Hewani;Ikan ;22,42
2023;1808;Way Kawan;Minyak dan Lemak;Minyak dan Lemak;11,23
2023;1808;Way Kawan;Minyak dan Lemak;Minyak Kelapa;0,01
2023;1808;Way Kawan;Minyak dan Lemak;Minyak sawit;11,09
2023;1808;Way Kawan;Minyak dan Lemak;Minyak lainnya;0,13
2023;1808;Way Kawan;Buah/Biji Berminyak;Buah/Biji Berminyak;2,35
2023;1808;Way Kawan;Buah/Biji Berminyak;Kelapa;2,24
2023;1808;Way Kawan;Buah/Biji Berminyak;Kemiri;0,11
2023;1808;Way Kawan;Kacang-kacangan;Kacang-kacangan;7,9
2023;1808;Way Kawan;Kacang-kacangan;Kedelai;7,46
2023;1808;Way Kawan;Kacang-kacangan;Kacang tanah;0,11
2023;1808;Way Kawan;Kacang-kacangan;Kacang hijau;0,23
2023;1808;Way Kawan;Kacang-kacangan;kacang lain;0,10
2023;1808;Way Kawan;Gula;Gula;8,9
2023;1808;Way Kawan;Gula;Gula Pasir;8,14
2023;1808;Way Kawan;Gula;Gula Merah;0,76
2023;1808;Way Kawan;Sayur dan Buah;Sayur dan Buah;129,94
2023;1808;Way Kawan;Sayur dan Buah;Sayur;78,56
2023;1808;Way Kawan;Sayur dan Buah;Buah;51,38
2023;1805;Tulang Bawang;Padi-Padian;Padi-Padian;105,05
2023;1805;Tulang Bawang;Padi-Padian;Beras;93,18
2023;1805;Tulang Bawang;Padi-Padian;Jagung;0,47
2023;1805;Tulang Bawang;Padi-Padian;Terigu;11,40
2023;1805;Tulang Bawang;Umbi-umbian;Umbi-umbian;17,59
2023;1805;Tulang Bawang;Umbi-umbian;Singkong;12,70
2023;1805;Tulang Bawang;Umbi-umbian;Ubi Jalar;3,37
2023;1805;Tulang Bawang;Umbi-umbian;kentang;1,38
2023;1805;Tulang Bawang;Umbi-umbian;Sagu;0,00
2023;1805;Tulang Bawang;Umbi-umbian;Umbi lainnya;0,14
2023;1805;Tulang Bawang;Pangan Hewani;Pangan Hewani;42,72
2023;1805;Tulang Bawang;Pangan Hewani;Daging Ruminansia;2,50
2023;1805;Tulang Bawang;Pangan Hewani;Daging Unggas;7,11
2023;1805;Tulang Bawang;Pangan Hewani;Telur;5,80
2023;1805;Tulang Bawang;Pangan Hewani;Susu;1,99
2023;1805;Tulang Bawang;Pangan Hewani;Ikan ;25,32
2023;1805;Tulang Bawang;Minyak dan Lemak;Minyak dan Lemak;10,64
2023;1805;Tulang Bawang;Minyak dan Lemak;Minyak Kelapa;0,00
2023;1805;Tulang Bawang;Minyak dan Lemak;Minyak sawit;10,20
2023;1805;Tulang Bawang;Minyak dan Lemak;Minyak lainnya;0,44
2023;1805;Tulang Bawang;Buah/Biji Berminyak;Buah/Biji Berminyak;1,63
2023;1805;Tulang Bawang;Buah/Biji Berminyak;Kelapa;1,35
2023;1805;Tulang Bawang;Buah/Biji Berminyak;Kemiri;0,28
2023;1805;Tulang Bawang;Kacang-kacangan;Kacang-kacangan;8,34
2023;1805;Tulang Bawang;Kacang-kacangan;Kedelai;7,97
2023;1805;Tulang Bawang;Kacang-kacangan;Kacang tanah;0,18
2023;1805;Tulang Bawang;Kacang-kacangan;Kacang hijau;0,15
2023;1805;Tulang Bawang;Kacang-kacangan;kacang lain;0,04
2023;1805;Tulang Bawang;Gula;Gula;6,55
2023;1805;Tulang Bawang;Gula;Gula Pasir;5,92
2023;1805;Tulang Bawang;Gula;Gula Merah;0,63
2023;1805;Tulang Bawang;Sayur dan Buah;Sayur dan Buah;92,86
2023;1805;Tulang Bawang;Sayur dan Buah;Sayur;64,10
2023;1805;Tulang Bawang;Sayur dan Buah;Buah;28,76
2023;1809;Pesawaran;Padi-Padian;Padi-Padian;115,39
2023;1809;Pesawaran;Padi-Padian;Beras;96,25
2023;1809;Pesawaran;Padi-Padian;Jagung;0,54
2023;1809;Pesawaran;Padi-Padian;Terigu;18,60
2023;1809;Pesawaran;Umbi-umbian;Umbi-umbian;17,4
2023;1809;Pesawaran;Umbi-umbian;Singkong;11,31
2023;1809;Pesawaran;Umbi-umbian;Ubi Jalar;3,94
2023;1809;Pesawaran;Umbi-umbian;kentang;0,64
2023;1809;Pesawaran;Umbi-umbian;Sagu;0,04
2023;1809;Pesawaran;Umbi-umbian;Umbi lainnya;1,47
2023;1809;Pesawaran;Pangan Hewani;Pangan Hewani;41,87
2023;1809;Pesawaran;Pangan Hewani;Daging Ruminansia;4,27
2023;1809;Pesawaran;Pangan Hewani;Daging Unggas;7,56
2023;1809;Pesawaran;Pangan Hewani;Telur;7,70
2023;1809;Pesawaran;Pangan Hewani;Susu;1,90
2023;1809;Pesawaran;Pangan Hewani;Ikan ;20,44
2023;1809;Pesawaran;Minyak dan Lemak;Minyak dan Lemak;11,81
2023;1809;Pesawaran;Minyak dan Lemak;Minyak Kelapa;0,04
2023;1809;Pesawaran;Minyak dan Lemak;Minyak sawit;11,53
2023;1809;Pesawaran;Minyak dan Lemak;Minyak lainnya;0,24
2023;1809;Pesawaran;Buah/Biji Berminyak;Buah/Biji Berminyak;1,7
2023;1809;Pesawaran;Buah/Biji Berminyak;Kelapa;1,45
2023;1809;Pesawaran;Buah/Biji Berminyak;Kemiri;0,25
2023;1809;Pesawaran;Kacang-kacangan;Kacang-kacangan;12,19
2023;1809;Pesawaran;Kacang-kacangan;Kedelai;11,86
2023;1809;Pesawaran;Kacang-kacangan;Kacang tanah;0,12
2023;1809;Pesawaran;Kacang-kacangan;Kacang hijau;0,11
2023;1809;Pesawaran;Kacang-kacangan;kacang lain;0,10
2023;1809;Pesawaran;Gula;Gula;7,93
2023;1809;Pesawaran;Gula;Gula Pasir;6,96
2023;1809;Pesawaran;Gula;Gula Merah;0,97
2023;1809;Pesawaran;Sayur dan Buah;Sayur dan Buah;125,2
2023;1809;Pesawaran;Sayur dan Buah;Sayur;81,93
2023;1809;Pesawaran;Sayur dan Buah;Buah;43,27
2023;1810;Pringsewu;Padi-Padian;Padi-Padian;109,91
2023;1810;Pringsewu;Padi-Padian;Beras;92,77
2023;1810;Pringsewu;Padi-Padian;Jagung;0,45
2023;1810;Pringsewu;Padi-Padian;Terigu;16,69
2023;1810;Pringsewu;Umbi-umbian;Umbi-umbian;16,79
2023;1810;Pringsewu;Umbi-umbian;Singkong;11,74
2023;1810;Pringsewu;Umbi-umbian;Ubi Jalar;3,24
2023;1810;Pringsewu;Umbi-umbian;kentang;1,45
2023;1810;Pringsewu;Umbi-umbian;Sagu;0,08
2023;1810;Pringsewu;Umbi-umbian;Umbi lainnya;0,28
2023;1810;Pringsewu;Pangan Hewani;Pangan Hewani;35,9
2023;1810;Pringsewu;Pangan Hewani;Daging Ruminansia;4,02
2023;1810;Pringsewu;Pangan Hewani;Daging Unggas;6,02
2023;1810;Pringsewu;Pangan Hewani;Telur;7,21
2023;1810;Pringsewu;Pangan Hewani;Susu;1,79
2023;1810;Pringsewu;Pangan Hewani;Ikan ;16,86
2023;1810;Pringsewu;Minyak dan Lemak;Minyak dan Lemak;14,52
2023;1810;Pringsewu;Minyak dan Lemak;Minyak Kelapa;0,07
2023;1810;Pringsewu;Minyak dan Lemak;Minyak sawit;12,78
2023;1810;Pringsewu;Minyak dan Lemak;Minyak lainnya;0,25
2023;1810;Pringsewu;Buah/Biji Berminyak;Buah/Biji Berminyak;1,42
2023;1810;Pringsewu;Buah/Biji Berminyak;Kelapa;12,38
2023;1810;Pringsewu;Buah/Biji Berminyak;Kemiri;0,21
2023;1810;Pringsewu;Kacang-kacangan;Kacang-kacangan;12,17
2023;1810;Pringsewu;Kacang-kacangan;Kedelai;0,57
2023;1810;Pringsewu;Kacang-kacangan;Kacang tanah;0,09
2023;1810;Pringsewu;Kacang-kacangan;Kacang hijau;0,25
2023;1810;Pringsewu;Kacang-kacangan;kacang lain;0,23
2023;1810;Pringsewu;Gula;Gula;8,31
2023;1810;Pringsewu;Gula;Gula Pasir;6,43
2023;1810;Pringsewu;Gula;Gula Merah;1,88
2023;1810;Pringsewu;Sayur dan Buah;Sayur dan Buah;112,14
2023;1810;Pringsewu;Sayur dan Buah;Sayur;71,08
2023;1810;Pringsewu;Sayur dan Buah;Buah;41,06
2023;1811;Mesuji;Padi-Padian;Padi-Padian;109,28
2023;1811;Mesuji;Padi-Padian;Beras;94,85
2023;1811;Mesuji;Padi-Padian;Jagung;0,47
2023;1811;Mesuji;Padi-Padian;Terigu;13,96
2023;1811;Mesuji;Umbi-umbian;Umbi-umbian;4,76
2023;1811;Mesuji;Umbi-umbian;Singkong;12,6
2023;1811;Mesuji;Umbi-umbian;Ubi Jalar;3,19
2023;1811;Mesuji;Umbi-umbian;kentang;1,23
2023;1811;Mesuji;Umbi-umbian;Sagu;0,00
2023;1811;Mesuji;Umbi-umbian;Umbi lainnya;0,34
2023;1811;Mesuji;Pangan Hewani;Pangan Hewani;41,88
2023;1811;Mesuji;Pangan Hewani;Daging Ruminansia;2,72
2023;1811;Mesuji;Pangan Hewani;Daging Unggas;8,64
2023;1811;Mesuji;Pangan Hewani;Telur;6,51
2023;1811;Mesuji;Pangan Hewani;Susu;1,78
2023;1811;Mesuji;Pangan Hewani;Ikan ;22,23
2023;1811;Mesuji;Minyak dan Lemak;Minyak dan Lemak;11,4
2023;1811;Mesuji;Minyak dan Lemak;Minyak Kelapa;0,0
2023;1811;Mesuji;Minyak dan Lemak;Minyak sawit;11,41
2023;1811;Mesuji;Minyak dan Lemak;Minyak lainnya;0,02
2023;1811;Mesuji;Buah/Biji Berminyak;Buah/Biji Berminyak;1,72
2023;1811;Mesuji;Buah/Biji Berminyak;Kelapa;1,46
2023;1811;Mesuji;Buah/Biji Berminyak;Kemiri;0,26
2023;1811;Mesuji;Kacang-kacangan;Kacang-kacangan;7,73
2023;1811;Mesuji;Kacang-kacangan;Kedelai;7,41
2023;1811;Mesuji;Kacang-kacangan;Kacang tanah;0,06
2023;1811;Mesuji;Kacang-kacangan;Kacang hijau;0,23
2023;1811;Mesuji;Kacang-kacangan;kacang lain;0,03
2023;1811;Mesuji;Gula;Gula;7,4
2023;1811;Mesuji;Gula;Gula Pasir;6,51
2023;1811;Mesuji;Gula;Gula Merah;0,89
2023;1811;Mesuji;Sayur dan Buah;Sayur dan Buah;96,6
2023;1811;Mesuji;Sayur dan Buah;Sayur;69,35
2023;1811;Mesuji;Sayur dan Buah;Buah;27,25
2023;1812;Tulang Bawang Barat;Padi-Padian;Padi-Padian;106,8
2023;1812;Tulang Bawang Barat;Padi-Padian;Beras;94,47
2023;1812;Tulang Bawang Barat;Padi-Padian;Jagung;0,25
2023;1812;Tulang Bawang Barat;Padi-Padian;Terigu;12,08
2023;1812;Tulang Bawang Barat;Umbi-umbian;Umbi-umbian;1,31
2023;1812;Tulang Bawang Barat;Umbi-umbian;Singkong;10,1
2023;1812;Tulang Bawang Barat;Umbi-umbian;Ubi Jalar;1,9
2023;1812;Tulang Bawang Barat;Umbi-umbian;kentang;1,26
2023;1812;Tulang Bawang Barat;Umbi-umbian;Sagu;0,00
2023;1812;Tulang Bawang Barat;Umbi-umbian;Umbi lainnya;0,05
2023;1812;Tulang Bawang Barat;Pangan Hewani;Pangan Hewani;34,28
2023;1812;Tulang Bawang Barat;Pangan Hewani;Daging Ruminansia;2,31
2023;1812;Tulang Bawang Barat;Pangan Hewani;Daging Unggas;5,48
2023;1812;Tulang Bawang Barat;Pangan Hewani;Telur;5,71
2023;1812;Tulang Bawang Barat;Pangan Hewani;Susu;1,72
2023;1812;Tulang Bawang Barat;Pangan Hewani;Ikan ;19,06
2023;1812;Tulang Bawang Barat;Minyak dan Lemak;Minyak dan Lemak;10,68
2023;1812;Tulang Bawang Barat;Minyak dan Lemak;Minyak Kelapa;0,23
2023;1812;Tulang Bawang Barat;Minyak dan Lemak;Minyak sawit;9,97
2023;1812;Tulang Bawang Barat;Minyak dan Lemak;Minyak lainnya;0,48
2023;1812;Tulang Bawang Barat;Buah/Biji Berminyak;Buah/Biji Berminyak;1,16
2023;1812;Tulang Bawang Barat;Buah/Biji Berminyak;Kelapa;1,03
2023;1812;Tulang Bawang Barat;Buah/Biji Berminyak;Kemiri;0,13
2023;1812;Tulang Bawang Barat;Kacang-kacangan;Kacang-kacangan;7,63
2023;1812;Tulang Bawang Barat;Kacang-kacangan;Kedelai;7,25
2023;1812;Tulang Bawang Barat;Kacang-kacangan;Kacang tanah;0,12
2023;1812;Tulang Bawang Barat;Kacang-kacangan;Kacang hijau;0,17
2023;1812;Tulang Bawang Barat;Kacang-kacangan;kacang lain;0,09
2023;1812;Tulang Bawang Barat;Gula;Gula;6,3
2023;1812;Tulang Bawang Barat;Gula;Gula Pasir;5,51
2023;1812;Tulang Bawang Barat;Gula;Gula Merah;0,79
2023;1812;Tulang Bawang Barat;Sayur dan Buah;Sayur dan Buah;84,42
2023;1812;Tulang Bawang Barat;Sayur dan Buah;Sayur;61,90
2023;1812;Tulang Bawang Barat;Sayur dan Buah;Buah;22,52
2023;1813;Pesisir Barat;Padi-Padian;Padi-Padian;116,49
2023;1813;Pesisir Barat;Padi-Padian;Beras;100,72
2023;1813;Pesisir Barat;Padi-Padian;Jagung;0,2
2023;1813;Pesisir Barat;Padi-Padian;Terigu;15,77
2023;1813;Pesisir Barat;Umbi-umbian;Umbi-umbian;13,69
2023;1813;Pesisir Barat;Umbi-umbian;Singkong;7,76
2023;1813;Pesisir Barat;Umbi-umbian;Ubi Jalar;3,04
2023;1813;Pesisir Barat;Umbi-umbian;kentang;2,18
2023;1813;Pesisir Barat;Umbi-umbian;Sagu;0,29
2023;1813;Pesisir Barat;Umbi-umbian;Umbi lainnya;0,42
2023;1813;Pesisir Barat;Pangan Hewani;Pangan Hewani;33,91
2023;1813;Pesisir Barat;Pangan Hewani;Daging Ruminansia;1,79
2023;1813;Pesisir Barat;Pangan Hewani;Daging Unggas;4,17
2023;1813;Pesisir Barat;Pangan Hewani;Telur;5,63
2023;1813;Pesisir Barat;Pangan Hewani;Susu;1,70
2023;1813;Pesisir Barat;Pangan Hewani;Ikan ;20,62
2023;1813;Pesisir Barat;Minyak dan Lemak;Minyak dan Lemak;10,36
2023;1813;Pesisir Barat;Minyak dan Lemak;Minyak Kelapa;0,00
2023;1813;Pesisir Barat;Minyak dan Lemak;Minyak sawit;9,65
2023;1813;Pesisir Barat;Minyak dan Lemak;Minyak lainnya;0,71
2023;1813;Pesisir Barat;Buah/Biji Berminyak;Buah/Biji Berminyak;4,07
2023;1813;Pesisir Barat;Buah/Biji Berminyak;Kelapa;3,93
2023;1813;Pesisir Barat;Buah/Biji Berminyak;Kemiri;0,14
2023;1813;Pesisir Barat;Kacang-kacangan;Kacang-kacangan;6,72
2023;1813;Pesisir Barat;Kacang-kacangan;Kedelai;6,33
2023;1813;Pesisir Barat;Kacang-kacangan;Kacang tanah;0,13
2023;1813;Pesisir Barat;Kacang-kacangan;Kacang hijau;0,10
2023;1813;Pesisir Barat;Kacang-kacangan;kacang lain;0,16
2023;1813;Pesisir Barat;Gula;Gula;6,66
2023;1813;Pesisir Barat;Gula;Gula Pasir;5,74
2023;1813;Pesisir Barat;Gula;Gula Merah;0,92
2023;1813;Pesisir Barat;Sayur dan Buah;Sayur dan Buah;93,55
2023;1813;Pesisir Barat;Sayur dan Buah;Sayur;69,75
2023;1813;Pesisir Barat;Sayur dan Buah;Buah;23,80
2023;1871;Kota Bandar lampung;Padi-Padian;Padi-Padian;98,54
2023;1871;Kota Bandar lampung;Padi-Padian;Beras;79,75
2023;1871;Kota Bandar lampung;Padi-Padian;Jagung;0,92
2023;1871;Kota Bandar lampung;Padi-Padian;Terigu;17,87
2023;1871;Kota Bandar lampung;Umbi-umbian;Umbi-umbian;13,64
2023;1871;Kota Bandar lampung;Umbi-umbian;Singkong;8,66
2023;1871;Kota Bandar lampung;Umbi-umbian;Ubi Jalar;2,16
2023;1871;Kota Bandar lampung;Umbi-umbian;kentang;2,07
2023;1871;Kota Bandar lampung;Umbi-umbian;Sagu;0,20
2023;1871;Kota Bandar lampung;Umbi-umbian;Umbi lainnya;0,55
2023;1871;Kota Bandar lampung;Pangan Hewani;Pangan Hewani;51,52
2023;1871;Kota Bandar lampung;Pangan Hewani;Daging Ruminansia;3,70
2023;1871;Kota Bandar lampung;Pangan Hewani;Daging Unggas;10,11
2023;1871;Kota Bandar lampung;Pangan Hewani;Telur;10,07
2023;1871;Kota Bandar lampung;Pangan Hewani;Susu;3,88
2023;1871;Kota Bandar lampung;Pangan Hewani;Ikan ;23,76
2023;1871;Kota Bandar lampung;Minyak dan Lemak;Minyak dan Lemak;11,47
2023;1871;Kota Bandar lampung;Minyak dan Lemak;Minyak Kelapa;0,16
2023;1871;Kota Bandar lampung;Minyak dan Lemak;Minyak sawit;10,62
2023;1871;Kota Bandar lampung;Minyak dan Lemak;Minyak lainnya;0,69
2023;1871;Kota Bandar lampung;Buah/Biji Berminyak;Buah/Biji Berminyak;0,37
2023;1871;Kota Bandar lampung;Buah/Biji Berminyak;Kelapa;0,32
2023;1871;Kota Bandar lampung;Buah/Biji Berminyak;Kemiri;0,05
2023;1871;Kota Bandar lampung;Kacang-kacangan;Kacang-kacangan;13,02
2023;1871;Kota Bandar lampung;Kacang-kacangan;Kedelai;12,44
2023;1871;Kota Bandar lampung;Kacang-kacangan;Kacang tanah;0,25
2023;1871;Kota Bandar lampung;Kacang-kacangan;Kacang hijau;0,29
2023;1871;Kota Bandar lampung;Kacang-kacangan;kacang lain;0,04
2023;1871;Kota Bandar lampung;Gula;Gula;5,8
2023;1871;Kota Bandar lampung;Gula;Gula Pasir;5,41
2023;1871;Kota Bandar lampung;Gula;Gula Merah;0,39
2023;1871;Kota Bandar lampung;Sayur dan Buah;Sayur dan Buah;83,3
2023;1871;Kota Bandar lampung;Sayur dan Buah;Sayur;53,51
2023;1871;Kota Bandar lampung;Sayur dan Buah;Buah;29,79
2023;1872;Kota Metro;Padi-Padian;Padi-Padian;94,21
2023;1872;Kota Metro;Padi-Padian;Beras;76,04
2023;1872;Kota Metro;Padi-Padian;Jagung;0,69
2023;1872;Kota Metro;Padi-Padian;Terigu;17,48
2023;1872;Kota Metro;Umbi-umbian;Umbi-umbian;10,89
2023;1872;Kota Metro;Umbi-umbian;Singkong;7,34
2023;1872;Kota Metro;Umbi-umbian;Ubi Jalar;1,85
2023;1872;Kota Metro;Umbi-umbian;kentang;1,41
2023;1872;Kota Metro;Umbi-umbian;Sagu;0,06
2023;1872;Kota Metro;Umbi-umbian;Umbi lainnya;0,23
2023;1872;Kota Metro;Pangan Hewani;Pangan Hewani;45,36
2023;1872;Kota Metro;Pangan Hewani;Daging Ruminansia;4,15
2023;1872;Kota Metro;Pangan Hewani;Daging Unggas;8,04
2023;1872;Kota Metro;Pangan Hewani;Telur;8,63
2023;1872;Kota Metro;Pangan Hewani;Susu;2,80
2023;1872;Kota Metro;Pangan Hewani;Ikan ;21,74
2023;1872;Kota Metro;Minyak dan Lemak;Minyak dan Lemak;9,26
2023;1872;Kota Metro;Minyak dan Lemak;Minyak Kelapa;0,01
2023;1872;Kota Metro;Minyak dan Lemak;Minyak sawit;8,81
2023;1872;Kota Metro;Minyak dan Lemak;Minyak lainnya;0,44
2023;1872;Kota Metro;Buah/Biji Berminyak;Buah/Biji Berminyak;1,03
2023;1872;Kota Metro;Buah/Biji Berminyak;Kelapa;0,95
2023;1872;Kota Metro;Buah/Biji Berminyak;Kemiri;0,08
2023;1872;Kota Metro;Kacang-kacangan;Kacang-kacangan;9,74
2023;1872;Kota Metro;Kacang-kacangan;Kedelai;9,12
2023;1872;Kota Metro;Kacang-kacangan;Kacang tanah;0,08
2023;1872;Kota Metro;Kacang-kacangan;Kacang hijau;0,49
2023;1872;Kota Metro;Kacang-kacangan;kacang lain;0,05
2023;1872;Kota Metro;Gula;Gula;4,27
2023;1872;Kota Metro;Gula;Gula Pasir;3,75
2023;1872;Kota Metro;Gula;Gula Merah;0,52
2023;1872;Kota Metro;Sayur dan Buah;Sayur dan Buah;93,13
2023;1872;Kota Metro;Sayur dan Buah;Sayur;57,46
2023;1872;Kota Metro;Sayur dan Buah;Buah;35,67
2022;1804;Lampung Barat;Padi-Padian;Padi-Padian;117,96
2022;1804;Lampung Barat;Padi-Padian;Beras;103,72
2022;1804;Lampung Barat;Padi-Padian;Jagung;1,29
2022;1804;Lampung Barat;Padi-Padian;Terigu;12,95
2022;1804;Lampung Barat;Umbi-umbian;Umbi-umbian;19,819
2022;1804;Lampung Barat;Umbi-umbian;Singkong;12,48
2022;1804;Lampung Barat;Umbi-umbian;Ubi Jalar;3,36
2022;1804;Lampung Barat;Umbi-umbian;kentang;3,26
2022;1804;Lampung Barat;Umbi-umbian;Sagu;0,009
2022;1804;Lampung Barat;Umbi-umbian;Umbi lainnya;0,71
2022;1804;Lampung Barat;Pangan Hewani;Pangan Hewani;36,8
2022;1804;Lampung Barat;Pangan Hewani;Daging Ruminansia;1,79
2022;1804;Lampung Barat;Pangan Hewani;Daging Unggas;4,97
2022;1804;Lampung Barat;Pangan Hewani;Telur;6,86
2022;1804;Lampung Barat;Pangan Hewani;Susu;1,78
2022;1804;Lampung Barat;Pangan Hewani;Ikan ;21,40
2022;1804;Lampung Barat;Minyak dan Lemak;Minyak dan Lemak;9,95
2022;1804;Lampung Barat;Minyak dan Lemak;Minyak Kelapa;0,03
2022;1804;Lampung Barat;Minyak dan Lemak;Minyak sawit;9,86
2022;1804;Lampung Barat;Minyak dan Lemak;Minyak lainnya;0,06
2022;1804;Lampung Barat;Buah/Biji Berminyak;Buah/Biji Berminyak;1,3
2022;1804;Lampung Barat;Buah/Biji Berminyak;Kelapa;1,12
2022;1804;Lampung Barat;Buah/Biji Berminyak;Kemiri;0,18
2022;1804;Lampung Barat;Kacang-kacangan;Kacang-kacangan;11,14
2022;1804;Lampung Barat;Kacang-kacangan;Kedelai;10,67
2022;1804;Lampung Barat;Kacang-kacangan;Kacang tanah;0,20
2022;1804;Lampung Barat;Kacang-kacangan;Kacang hijau;0,22
2022;1804;Lampung Barat;Kacang-kacangan;kacang lain;0,05
2022;1804;Lampung Barat;Gula;Gula;8,57
2022;1804;Lampung Barat;Gula;Gula Pasir;7,51
2022;1804;Lampung Barat;Gula;Gula Merah;1,06
2022;1804;Lampung Barat;Sayur dan Buah;Sayur dan Buah;117,68
2022;1804;Lampung Barat;Sayur dan Buah;Sayur;86,00
2022;1804;Lampung Barat;Sayur dan Buah;Buah;31,68
2022;1806;Tanggamus;Padi-Padian;Padi-Padian;110,57
2022;1806;Tanggamus;Padi-Padian;Beras;94,85
2022;1806;Tanggamus;Padi-Padian;Jagung;0,43
2022;1806;Tanggamus;Padi-Padian;Terigu;15,29
2022;1806;Tanggamus;Umbi-umbian;Umbi-umbian;16,023
2022;1806;Tanggamus;Umbi-umbian;Singkong;11,45
2022;1806;Tanggamus;Umbi-umbian;Ubi Jalar;1,14
2022;1806;Tanggamus;Umbi-umbian;kentang;1,16
2022;1806;Tanggamus;Umbi-umbian;Sagu;0,013
2022;1806;Tanggamus;Umbi-umbian;Umbi lainnya;2,26
2022;1806;Tanggamus;Pangan Hewani;Pangan Hewani;36,18
2022;1806;Tanggamus;Pangan Hewani;Daging Ruminansia;2,23
2022;1806;Tanggamus;Pangan Hewani;Daging Unggas;5,04
2022;1806;Tanggamus;Pangan Hewani;Telur;7,10
2022;1806;Tanggamus;Pangan Hewani;Susu;1,70
2022;1806;Tanggamus;Pangan Hewani;Ikan ;20,11
2022;1806;Tanggamus;Minyak dan Lemak;Minyak dan Lemak;9,15
2022;1806;Tanggamus;Minyak dan Lemak;Minyak Kelapa;0,24
2022;1806;Tanggamus;Minyak dan Lemak;Minyak sawit;8,88
2022;1806;Tanggamus;Minyak dan Lemak;Minyak lainnya;0,03
2022;1806;Tanggamus;Buah/Biji Berminyak;Buah/Biji Berminyak;1,76
2022;1806;Tanggamus;Buah/Biji Berminyak;Kelapa;1,54
2022;1806;Tanggamus;Buah/Biji Berminyak;Kemiri;0,22
2022;1806;Tanggamus;Kacang-kacangan;Kacang-kacangan;10,37
2022;1806;Tanggamus;Kacang-kacangan;Kedelai;9,95
2022;1806;Tanggamus;Kacang-kacangan;Kacang tanah;0,12
2022;1806;Tanggamus;Kacang-kacangan;Kacang hijau;0,27
2022;1806;Tanggamus;Kacang-kacangan;kacang lain;0,03
2022;1806;Tanggamus;Gula;Gula;7,75
2022;1806;Tanggamus;Gula;Gula Pasir;6,41
2022;1806;Tanggamus;Gula;Gula Merah;1,34
2022;1806;Tanggamus;Sayur dan Buah;Sayur dan Buah;111,59
2022;1806;Tanggamus;Sayur dan Buah;Sayur;74,19
2022;1806;Tanggamus;Sayur dan Buah;Buah;37,40
2022;1801;Lampung Selatan;Padi-Padian;Padi-Padian;107,88
2022;1801;Lampung Selatan;Padi-Padian;Beras;92,68
2022;1801;Lampung Selatan;Padi-Padian;Jagung;0,67
2022;1801;Lampung Selatan;Padi-Padian;Terigu;14,53
2022;1801;Lampung Selatan;Umbi-umbian;Umbi-umbian;13,572
2022;1801;Lampung Selatan;Umbi-umbian;Singkong;8,96
2022;1801;Lampung Selatan;Umbi-umbian;Ubi Jalar;2,56
2022;1801;Lampung Selatan;Umbi-umbian;kentang;1,85
2022;1801;Lampung Selatan;Umbi-umbian;Sagu;0,062
2022;1801;Lampung Selatan;Umbi-umbian;Umbi lainnya;0,14
2022;1801;Lampung Selatan;Pangan Hewani;Pangan Hewani;44,16
2022;1801;Lampung Selatan;Pangan Hewani;Daging Ruminansia;2,71
2022;1801;Lampung Selatan;Pangan Hewani;Daging Unggas;8,15
2022;1801;Lampung Selatan;Pangan Hewani;Telur;8,20
2022;1801;Lampung Selatan;Pangan Hewani;Susu;1,92
2022;1801;Lampung Selatan;Pangan Hewani;Ikan ;23,18
2022;1801;Lampung Selatan;Minyak dan Lemak;Minyak dan Lemak;10,72
2022;1801;Lampung Selatan;Minyak dan Lemak;Minyak Kelapa;0,10
2022;1801;Lampung Selatan;Minyak dan Lemak;Minyak sawit;10,42
2022;1801;Lampung Selatan;Minyak dan Lemak;Minyak lainnya;0,20
2022;1801;Lampung Selatan;Buah/Biji Berminyak;Buah/Biji Berminyak;1,37
2022;1801;Lampung Selatan;Buah/Biji Berminyak;Kelapa;1,23
2022;1801;Lampung Selatan;Buah/Biji Berminyak;Kemiri;0,14
2022;1801;Lampung Selatan;Kacang-kacangan;Kacang-kacangan;12,73
2022;1801;Lampung Selatan;Kacang-kacangan;Kedelai;12,11
2022;1801;Lampung Selatan;Kacang-kacangan;Kacang tanah;0,22
2022;1801;Lampung Selatan;Kacang-kacangan;Kacang hijau;0,19
2022;1801;Lampung Selatan;Kacang-kacangan;kacang lain;0,21
2022;1801;Lampung Selatan;Gula;Gula;6,87
2022;1801;Lampung Selatan;Gula;Gula Pasir;6,21
2022;1801;Lampung Selatan;Gula;Gula Merah;0,66
2022;1801;Lampung Selatan;Sayur dan Buah;Sayur dan Buah;96,98
2022;1801;Lampung Selatan;Sayur dan Buah;Sayur;65,58
2022;1801;Lampung Selatan;Sayur dan Buah;Buah;31,40
2022;1807;Lampung Timur;Padi-Padian;Padi-Padian;110,05
2022;1807;Lampung Timur;Padi-Padian;Beras;93,56
2022;1807;Lampung Timur;Padi-Padian;Jagung;1,23
2022;1807;Lampung Timur;Padi-Padian;Terigu;15,26
2022;1807;Lampung Timur;Umbi-umbian;Umbi-umbian;18,821
2022;1807;Lampung Timur;Umbi-umbian;Singkong;12,5
2022;1807;Lampung Timur;Umbi-umbian;Ubi Jalar;3,02
2022;1807;Lampung Timur;Umbi-umbian;kentang;3,01
2022;1807;Lampung Timur;Umbi-umbian;Sagu;0,041
2022;1807;Lampung Timur;Umbi-umbian;Umbi lainnya;0,25
2022;1807;Lampung Timur;Pangan Hewani;Pangan Hewani;40,6
2022;1807;Lampung Timur;Pangan Hewani;Daging Ruminansia;2,59
2022;1807;Lampung Timur;Pangan Hewani;Daging Unggas;7,94
2022;1807;Lampung Timur;Pangan Hewani;Telur;7,89
2022;1807;Lampung Timur;Pangan Hewani;Susu;2,15
2022;1807;Lampung Timur;Pangan Hewani;Ikan ;20,03
2022;1807;Lampung Timur;Minyak dan Lemak;Minyak dan Lemak;10,23
2022;1807;Lampung Timur;Minyak dan Lemak;Minyak Kelapa;0,34
2022;1807;Lampung Timur;Minyak dan Lemak;Minyak sawit;9,64
2022;1807;Lampung Timur;Minyak dan Lemak;Minyak lainnya;0,25
2022;1807;Lampung Timur;Buah/Biji Berminyak;Buah/Biji Berminyak;2,75
2022;1807;Lampung Timur;Buah/Biji Berminyak;Kelapa;2,55
2022;1807;Lampung Timur;Buah/Biji Berminyak;Kemiri;0,20
2022;1807;Lampung Timur;Kacang-kacangan;Kacang-kacangan;14,55
2022;1807;Lampung Timur;Kacang-kacangan;Kedelai;13,82
2022;1807;Lampung Timur;Kacang-kacangan;Kacang tanah;0,43
2022;1807;Lampung Timur;Kacang-kacangan;Kacang hijau;0,17
2022;1807;Lampung Timur;Kacang-kacangan;kacang lain;0,13
2022;1807;Lampung Timur;Gula;Gula;8,34
2022;1807;Lampung Timur;Gula;Gula Pasir;6,87
2022;1807;Lampung Timur;Gula;Gula Merah;1,47
2022;1807;Lampung Timur;Sayur dan Buah;Sayur dan Buah;108,79
2022;1807;Lampung Timur;Sayur dan Buah;Sayur;73,67
2022;1807;Lampung Timur;Sayur dan Buah;Buah;35,12
2022;1802;Lampung Tengah;Padi-Padian;Padi-Padian;104,21
2022;1802;Lampung Tengah;Padi-Padian;Beras;89,54
2022;1802;Lampung Tengah;Padi-Padian;Jagung;0,40
2022;1802;Lampung Tengah;Padi-Padian;Terigu;14,27
2022;1802;Lampung Tengah;Umbi-umbian;Umbi-umbian;19,63
2022;1802;Lampung Tengah;Umbi-umbian;Singkong;14,52
2022;1802;Lampung Tengah;Umbi-umbian;Ubi Jalar;2,79
2022;1802;Lampung Tengah;Umbi-umbian;kentang;2,09
2022;1802;Lampung Tengah;Umbi-umbian;Sagu;0,00
2022;1802;Lampung Tengah;Umbi-umbian;Umbi lainnya;0,23
2022;1802;Lampung Tengah;Pangan Hewani;Pangan Hewani;41,24
2022;1802;Lampung Tengah;Pangan Hewani;Daging Ruminansia;2,67
2022;1802;Lampung Tengah;Pangan Hewani;Daging Unggas;7,56
2022;1802;Lampung Tengah;Pangan Hewani;Telur;7,87
2022;1802;Lampung Tengah;Pangan Hewani;Susu;2,21
2022;1802;Lampung Tengah;Pangan Hewani;Ikan ;20,93
2022;1802;Lampung Tengah;Minyak dan Lemak;Minyak dan Lemak;10,67
2022;1802;Lampung Tengah;Minyak dan Lemak;Minyak Kelapa;0,09
2022;1802;Lampung Tengah;Minyak dan Lemak;Minyak sawit;10,45
2022;1802;Lampung Tengah;Minyak dan Lemak;Minyak lainnya;0,13
2022;1802;Lampung Tengah;Buah/Biji Berminyak;Buah/Biji Berminyak;2,43
2022;1802;Lampung Tengah;Buah/Biji Berminyak;Kelapa;2,18
2022;1802;Lampung Tengah;Buah/Biji Berminyak;Kemiri;0,25
2022;1802;Lampung Tengah;Kacang-kacangan;Kacang-kacangan;13
2022;1802;Lampung Tengah;Kacang-kacangan;Kedelai;12,36
2022;1802;Lampung Tengah;Kacang-kacangan;Kacang tanah;0,15
2022;1802;Lampung Tengah;Kacang-kacangan;Kacang hijau;0,21
2022;1802;Lampung Tengah;Kacang-kacangan;kacang lain;0,28
2022;1802;Lampung Tengah;Gula;Gula;7,93
2022;1802;Lampung Tengah;Gula;Gula Pasir;6,36
2022;1802;Lampung Tengah;Gula;Gula Merah;1,57
2022;1802;Lampung Tengah;Sayur dan Buah;Sayur dan Buah;100,61
2022;1802;Lampung Tengah;Sayur dan Buah;Sayur;68,16
2022;1802;Lampung Tengah;Sayur dan Buah;Buah;32,45
2022;1803;Lampung Utara;Padi-Padian;Padi-Padian;100,47
2022;1803;Lampung Utara;Padi-Padian;Beras;88,09
2022;1803;Lampung Utara;Padi-Padian;Jagung;0,32
2022;1803;Lampung Utara;Padi-Padian;Terigu;12,06
2022;1803;Lampung Utara;Umbi-umbian;Umbi-umbian;12,416
2022;1803;Lampung Utara;Umbi-umbian;Singkong;8,49
2022;1803;Lampung Utara;Umbi-umbian;Ubi Jalar;2,07
2022;1803;Lampung Utara;Umbi-umbian;kentang;1,58
2022;1803;Lampung Utara;Umbi-umbian;Sagu;0,026
2022;1803;Lampung Utara;Umbi-umbian;Umbi lainnya;0,25
2022;1803;Lampung Utara;Pangan Hewani;Pangan Hewani;36,67
2022;1803;Lampung Utara;Pangan Hewani;Daging Ruminansia;1,66
2022;1803;Lampung Utara;Pangan Hewani;Daging Unggas;5,35
2022;1803;Lampung Utara;Pangan Hewani;Telur;7,37
2022;1803;Lampung Utara;Pangan Hewani;Susu;1,97
2022;1803;Lampung Utara;Pangan Hewani;Ikan ;20,32
2022;1803;Lampung Utara;Minyak dan Lemak;Minyak dan Lemak;10,9
2022;1803;Lampung Utara;Minyak dan Lemak;Minyak Kelapa;0,27
2022;1803;Lampung Utara;Minyak dan Lemak;Minyak sawit;10,59
2022;1803;Lampung Utara;Minyak dan Lemak;Minyak lainnya;0,04
2022;1803;Lampung Utara;Buah/Biji Berminyak;Buah/Biji Berminyak;0,93
2022;1803;Lampung Utara;Buah/Biji Berminyak;Kelapa;0,79
2022;1803;Lampung Utara;Buah/Biji Berminyak;Kemiri;0,14
2022;1803;Lampung Utara;Kacang-kacangan;Kacang-kacangan;12,44
2022;1803;Lampung Utara;Kacang-kacangan;Kedelai;12,17
2022;1803;Lampung Utara;Kacang-kacangan;Kacang tanah;0,13
2022;1803;Lampung Utara;Kacang-kacangan;Kacang hijau;0,12
2022;1803;Lampung Utara;Kacang-kacangan;kacang lain;0,02
2022;1803;Lampung Utara;Gula;Gula;7,72
2022;1803;Lampung Utara;Gula;Gula Pasir;6,96
2022;1803;Lampung Utara;Gula;Gula Merah;0,76
2022;1803;Lampung Utara;Sayur dan Buah;Sayur dan Buah;89,97
2022;1803;Lampung Utara;Sayur dan Buah;Sayur;66,73
2022;1803;Lampung Utara;Sayur dan Buah;Buah;23,24
2022;1808;Way Kawan;Padi-Padian;Padi-Padian;110,49
2022;1808;Way Kawan;Padi-Padian;Beras;94,96
2022;1808;Way Kawan;Padi-Padian;Jagung;0,68
2022;1808;Way Kawan;Padi-Padian;Terigu;14,85
2022;1808;Way Kawan;Umbi-umbian;Umbi-umbian;16,602
2022;1808;Way Kawan;Umbi-umbian;Singkong;12,22
2022;1808;Way Kawan;Umbi-umbian;Ubi Jalar;2,37
2022;1808;Way Kawan;Umbi-umbian;kentang;1,76
2022;1808;Way Kawan;Umbi-umbian;Sagu;0,012
2022;1808;Way Kawan;Umbi-umbian;Umbi lainnya;0,24
2022;1808;Way Kawan;Pangan Hewani;Pangan Hewani;44,02
2022;1808;Way Kawan;Pangan Hewani;Daging Ruminansia;2,89
2022;1808;Way Kawan;Pangan Hewani;Daging Unggas;7,97
2022;1808;Way Kawan;Pangan Hewani;Telur;8,17
2022;1808;Way Kawan;Pangan Hewani;Susu;2,27
2022;1808;Way Kawan;Pangan Hewani;Ikan ;22,72
2022;1808;Way Kawan;Minyak dan Lemak;Minyak dan Lemak;10,75
2022;1808;Way Kawan;Minyak dan Lemak;Minyak Kelapa;0,06
2022;1808;Way Kawan;Minyak dan Lemak;Minyak sawit;10,62
2022;1808;Way Kawan;Minyak dan Lemak;Minyak lainnya;0,07
2022;1808;Way Kawan;Buah/Biji Berminyak;Buah/Biji Berminyak;2,18
2022;1808;Way Kawan;Buah/Biji Berminyak;Kelapa;1,96
2022;1808;Way Kawan;Buah/Biji Berminyak;Kemiri;0,22
2022;1808;Way Kawan;Kacang-kacangan;Kacang-kacangan;8,21
2022;1808;Way Kawan;Kacang-kacangan;Kedelai;7,87
2022;1808;Way Kawan;Kacang-kacangan;Kacang tanah;0,07
2022;1808;Way Kawan;Kacang-kacangan;Kacang hijau;0,18
2022;1808;Way Kawan;Kacang-kacangan;kacang lain;0,09
2022;1808;Way Kawan;Gula;Gula;9,28
2022;1808;Way Kawan;Gula;Gula Pasir;8,46
2022;1808;Way Kawan;Gula;Gula Merah;0,82
2022;1808;Way Kawan;Sayur dan Buah;Sayur dan Buah;105,84
2022;1808;Way Kawan;Sayur dan Buah;Sayur;68,29
2022;1808;Way Kawan;Sayur dan Buah;Buah;37,55
2022;1805;Tulang Bawang;Padi-Padian;Padi-Padian;103,47
2022;1805;Tulang Bawang;Padi-Padian;Beras;90,57
2022;1805;Tulang Bawang;Padi-Padian;Jagung;1,01
2022;1805;Tulang Bawang;Padi-Padian;Terigu;11,89
2022;1805;Tulang Bawang;Umbi-umbian;Umbi-umbian;157,299
2022;1805;Tulang Bawang;Umbi-umbian;Singkong;12,05
2022;1805;Tulang Bawang;Umbi-umbian;Ubi Jalar;1,92
2022;1805;Tulang Bawang;Umbi-umbian;kentang;1,45
2022;1805;Tulang Bawang;Umbi-umbian;Sagu;0,0999
2022;1805;Tulang Bawang;Umbi-umbian;Umbi lainnya;0,21
2022;1805;Tulang Bawang;Pangan Hewani;Pangan Hewani;42,56
2022;1805;Tulang Bawang;Pangan Hewani;Daging Ruminansia;2,09
2022;1805;Tulang Bawang;Pangan Hewani;Daging Unggas;6,57
2022;1805;Tulang Bawang;Pangan Hewani;Telur;6,38
2022;1805;Tulang Bawang;Pangan Hewani;Susu;2,24
2022;1805;Tulang Bawang;Pangan Hewani;Ikan ;25,28
2022;1805;Tulang Bawang;Minyak dan Lemak;Minyak dan Lemak;10,11
2022;1805;Tulang Bawang;Minyak dan Lemak;Minyak Kelapa;0,05
2022;1805;Tulang Bawang;Minyak dan Lemak;Minyak sawit;9,70
2022;1805;Tulang Bawang;Minyak dan Lemak;Minyak lainnya;0,36
2022;1805;Tulang Bawang;Buah/Biji Berminyak;Buah/Biji Berminyak;1,78
2022;1805;Tulang Bawang;Buah/Biji Berminyak;Kelapa;1,54
2022;1805;Tulang Bawang;Buah/Biji Berminyak;Kemiri;0,24
2022;1805;Tulang Bawang;Kacang-kacangan;Kacang-kacangan;9,55
2022;1805;Tulang Bawang;Kacang-kacangan;Kedelai;9,20
2022;1805;Tulang Bawang;Kacang-kacangan;Kacang tanah;0,12
2022;1805;Tulang Bawang;Kacang-kacangan;Kacang hijau;0,15
2022;1805;Tulang Bawang;Kacang-kacangan;kacang lain;0,08
2022;1805;Tulang Bawang;Gula;Gula;7,12
2022;1805;Tulang Bawang;Gula;Gula Pasir;6,39
2022;1805;Tulang Bawang;Gula;Gula Merah;0,73
2022;1805;Tulang Bawang;Sayur dan Buah;Sayur dan Buah;98,35
2022;1805;Tulang Bawang;Sayur dan Buah;Sayur;67,28
2022;1805;Tulang Bawang;Sayur dan Buah;Buah;31,07
2022;1809;Pesawaran;Padi-Padian;Padi-Padian;107,66
2022;1809;Pesawaran;Padi-Padian;Beras;91,09
2022;1809;Pesawaran;Padi-Padian;Jagung;0,28
2022;1809;Pesawaran;Padi-Padian;Terigu;16,29
2022;1809;Pesawaran;Umbi-umbian;Umbi-umbian;12,62
2022;1809;Pesawaran;Umbi-umbian;Singkong;7,90
2022;1809;Pesawaran;Umbi-umbian;Ubi Jalar;1,67
2022;1809;Pesawaran;Umbi-umbian;kentang;1,55
2022;1809;Pesawaran;Umbi-umbian;Sagu;0,056
2022;1809;Pesawaran;Umbi-umbian;Umbi lainnya;1,44
2022;1809;Pesawaran;Pangan Hewani;Pangan Hewani;38,54
2022;1809;Pesawaran;Pangan Hewani;Daging Ruminansia;3,38
2022;1809;Pesawaran;Pangan Hewani;Daging Unggas;6,35
2022;1809;Pesawaran;Pangan Hewani;Telur;7,41
2022;1809;Pesawaran;Pangan Hewani;Susu;2,03
2022;1809;Pesawaran;Pangan Hewani;Ikan ;19,37
2022;1809;Pesawaran;Minyak dan Lemak;Minyak dan Lemak;10,54
2022;1809;Pesawaran;Minyak dan Lemak;Minyak Kelapa;0,06
2022;1809;Pesawaran;Minyak dan Lemak;Minyak sawit;10,25
2022;1809;Pesawaran;Minyak dan Lemak;Minyak lainnya;0,23
2022;1809;Pesawaran;Buah/Biji Berminyak;Buah/Biji Berminyak;1,95
2022;1809;Pesawaran;Buah/Biji Berminyak;Kelapa;1,82
2022;1809;Pesawaran;Buah/Biji Berminyak;Kemiri;0,13
2022;1809;Pesawaran;Kacang-kacangan;Kacang-kacangan;14,74
2022;1809;Pesawaran;Kacang-kacangan;Kedelai;14,54
2022;1809;Pesawaran;Kacang-kacangan;Kacang tanah;0,02
2022;1809;Pesawaran;Kacang-kacangan;Kacang hijau;0,13
2022;1809;Pesawaran;Kacang-kacangan;kacang lain;0,05
2022;1809;Pesawaran;Gula;Gula;7,9
2022;1809;Pesawaran;Gula;Gula Pasir;6,73
2022;1809;Pesawaran;Gula;Gula Merah;1,17
2022;1809;Pesawaran;Sayur dan Buah;Sayur dan Buah;112,69
2022;1809;Pesawaran;Sayur dan Buah;Sayur;77,57
2022;1809;Pesawaran;Sayur dan Buah;Buah;35,12
2022;1810;Pringsewu;Padi-Padian;Padi-Padian;106,19
2022;1810;Pringsewu;Padi-Padian;Beras;90,14
2022;1810;Pringsewu;Padi-Padian;Jagung;0,51
2022;1810;Pringsewu;Padi-Padian;Terigu;15,54
2022;1810;Pringsewu;Umbi-umbian;Umbi-umbian;11,09
2022;1810;Pringsewu;Umbi-umbian;Singkong;8,46
2022;1810;Pringsewu;Umbi-umbian;Ubi Jalar;1,05
2022;1810;Pringsewu;Umbi-umbian;kentang;1,21
2022;1810;Pringsewu;Umbi-umbian;Sagu;0,000
2022;1810;Pringsewu;Umbi-umbian;Umbi lainnya;0,37
2022;1810;Pringsewu;Pangan Hewani;Pangan Hewani;99,12
2022;1810;Pringsewu;Pangan Hewani;Daging Ruminansia;65,25
2022;1810;Pringsewu;Pangan Hewani;Daging Unggas;6,05
2022;1810;Pringsewu;Pangan Hewani;Telur;7,25
2022;1810;Pringsewu;Pangan Hewani;Susu;2,27
2022;1810;Pringsewu;Pangan Hewani;Ikan ;18,30
2022;1810;Pringsewu;Minyak dan Lemak;Minyak dan Lemak;10,84
2022;1810;Pringsewu;Minyak dan Lemak;Minyak Kelapa;0,09
2022;1810;Pringsewu;Minyak dan Lemak;Minyak sawit;10,49
2022;1810;Pringsewu;Minyak dan Lemak;Minyak lainnya;0,26
2022;1810;Pringsewu;Buah/Biji Berminyak;Buah/Biji Berminyak;1,52
2022;1810;Pringsewu;Buah/Biji Berminyak;Kelapa;1,38
2022;1810;Pringsewu;Buah/Biji Berminyak;Kemiri;0,14
2022;1810;Pringsewu;Kacang-kacangan;Kacang-kacangan;12,43
2022;1810;Pringsewu;Kacang-kacangan;Kedelai;12,04
2022;1810;Pringsewu;Kacang-kacangan;Kacang tanah;0,09
2022;1810;Pringsewu;Kacang-kacangan;Kacang hijau;0,10
2022;1810;Pringsewu;Kacang-kacangan;kacang lain;0,20
2022;1810;Pringsewu;Gula;Gula;6,72
2022;1810;Pringsewu;Gula;Gula Pasir;5,07
2022;1810;Pringsewu;Gula;Gula Merah;1,65
2022;1810;Pringsewu;Sayur dan Buah;Sayur dan Buah;108,56
2022;1810;Pringsewu;Sayur dan Buah;Sayur;71,30
2022;1810;Pringsewu;Sayur dan Buah;Buah;37,26
2022;1811;Mesuji;Padi-Padian;Padi-Padian;106,28
2022;1811;Mesuji;Padi-Padian;Beras;94,04
2022;1811;Mesuji;Padi-Padian;Jagung;0,46
2022;1811;Mesuji;Padi-Padian;Terigu;11,78
2022;1811;Mesuji;Umbi-umbian;Umbi-umbian;13,808
2022;1811;Mesuji;Umbi-umbian;Singkong;9,54
2022;1811;Mesuji;Umbi-umbian;Ubi Jalar;2,80
2022;1811;Mesuji;Umbi-umbian;kentang;1,27
2022;1811;Mesuji;Umbi-umbian;Sagu;0,088
2022;1811;Mesuji;Umbi-umbian;Umbi lainnya;0,11
2022;1811;Mesuji;Pangan Hewani;Pangan Hewani;41,36
2022;1811;Mesuji;Pangan Hewani;Daging Ruminansia;2,59
2022;1811;Mesuji;Pangan Hewani;Daging Unggas;7,93
2022;1811;Mesuji;Pangan Hewani;Telur;6,37
2022;1811;Mesuji;Pangan Hewani;Susu;2,32
2022;1811;Mesuji;Pangan Hewani;Ikan ;22,15
2022;1811;Mesuji;Minyak dan Lemak;Minyak dan Lemak;10,25
2022;1811;Mesuji;Minyak dan Lemak;Minyak Kelapa;0,10
2022;1811;Mesuji;Minyak dan Lemak;Minyak sawit;9,95
2022;1811;Mesuji;Minyak dan Lemak;Minyak lainnya;0,20
2022;1811;Mesuji;Buah/Biji Berminyak;Buah/Biji Berminyak;1,13
2022;1811;Mesuji;Buah/Biji Berminyak;Kelapa;0,91
2022;1811;Mesuji;Buah/Biji Berminyak;Kemiri;0,22
2022;1811;Mesuji;Kacang-kacangan;Kacang-kacangan;9,76
2022;1811;Mesuji;Kacang-kacangan;Kedelai;9,48
2022;1811;Mesuji;Kacang-kacangan;Kacang tanah;0,11
2022;1811;Mesuji;Kacang-kacangan;Kacang hijau;0,16
2022;1811;Mesuji;Kacang-kacangan;kacang lain;0,01
2022;1811;Mesuji;Gula;Gula;7,9
2022;1811;Mesuji;Gula;Gula Pasir;6,81
2022;1811;Mesuji;Gula;Gula Merah;1,09
2022;1811;Mesuji;Sayur dan Buah;Sayur dan Buah;91,27
2022;1811;Mesuji;Sayur dan Buah;Sayur;63,08
2022;1811;Mesuji;Sayur dan Buah;Buah;28,19
2022;1812;Tulang Bawang Barat;Padi-Padian;Padi-Padian;100,88
2022;1812;Tulang Bawang Barat;Padi-Padian;Beras;92,31
2022;1812;Tulang Bawang Barat;Padi-Padian;Jagung;0,53
2022;1812;Tulang Bawang Barat;Padi-Padian;Terigu;8,04
2022;1812;Tulang Bawang Barat;Umbi-umbian;Umbi-umbian;13,35
2022;1812;Tulang Bawang Barat;Umbi-umbian;Singkong;9,43
2022;1812;Tulang Bawang Barat;Umbi-umbian;Ubi Jalar;2,76
2022;1812;Tulang Bawang Barat;Umbi-umbian;kentang;0,99
2022;1812;Tulang Bawang Barat;Umbi-umbian;Sagu;0,000
2022;1812;Tulang Bawang Barat;Umbi-umbian;Umbi lainnya;0,17
2022;1812;Tulang Bawang Barat;Pangan Hewani;Pangan Hewani;32,98
2022;1812;Tulang Bawang Barat;Pangan Hewani;Daging Ruminansia;2,35
2022;1812;Tulang Bawang Barat;Pangan Hewani;Daging Unggas;5,51
2022;1812;Tulang Bawang Barat;Pangan Hewani;Telur;4,98
2022;1812;Tulang Bawang Barat;Pangan Hewani;Susu;1,95
2022;1812;Tulang Bawang Barat;Pangan Hewani;Ikan ;18,19
2022;1812;Tulang Bawang Barat;Minyak dan Lemak;Minyak dan Lemak;9,06
2022;1812;Tulang Bawang Barat;Minyak dan Lemak;Minyak Kelapa;0,04
2022;1812;Tulang Bawang Barat;Minyak dan Lemak;Minyak sawit;8,92
2022;1812;Tulang Bawang Barat;Minyak dan Lemak;Minyak lainnya;0,10
2022;1812;Tulang Bawang Barat;Buah/Biji Berminyak;Buah/Biji Berminyak;1,22
2022;1812;Tulang Bawang Barat;Buah/Biji Berminyak;Kelapa;1,01
2022;1812;Tulang Bawang Barat;Buah/Biji Berminyak;Kemiri;0,21
2022;1812;Tulang Bawang Barat;Kacang-kacangan;Kacang-kacangan;9,08
2022;1812;Tulang Bawang Barat;Kacang-kacangan;Kedelai;8,78
2022;1812;Tulang Bawang Barat;Kacang-kacangan;Kacang tanah;0,04
2022;1812;Tulang Bawang Barat;Kacang-kacangan;Kacang hijau;0,24
2022;1812;Tulang Bawang Barat;Kacang-kacangan;kacang lain;0,02
2022;1812;Tulang Bawang Barat;Gula;Gula;6,59
2022;1812;Tulang Bawang Barat;Gula;Gula Pasir;5,88
2022;1812;Tulang Bawang Barat;Gula;Gula Merah;0,71
2022;1812;Tulang Bawang Barat;Sayur dan Buah;Sayur dan Buah;89,9
2022;1812;Tulang Bawang Barat;Sayur dan Buah;Sayur;67,78
2022;1812;Tulang Bawang Barat;Sayur dan Buah;Buah;22,12
2022;1813;Pesisir Barat;Padi-Padian;Padi-Padian;108,15
2022;1813;Pesisir Barat;Padi-Padian;Beras;96,88
2022;1813;Pesisir Barat;Padi-Padian;Jagung;0,23
2022;1813;Pesisir Barat;Padi-Padian;Terigu;11,04
2022;1813;Pesisir Barat;Umbi-umbian;Umbi-umbian;13,051
2022;1813;Pesisir Barat;Umbi-umbian;Singkong;7,71
2022;1813;Pesisir Barat;Umbi-umbian;Ubi Jalar;2,80
2022;1813;Pesisir Barat;Umbi-umbian;kentang;1,96
2022;1813;Pesisir Barat;Umbi-umbian;Sagu;0,091
2022;1813;Pesisir Barat;Umbi-umbian;Umbi lainnya;0,49
2022;1813;Pesisir Barat;Pangan Hewani;Pangan Hewani;32,07
2022;1813;Pesisir Barat;Pangan Hewani;Daging Ruminansia;0,95
2022;1813;Pesisir Barat;Pangan Hewani;Daging Unggas;4,35
2022;1813;Pesisir Barat;Pangan Hewani;Telur;5,08
2022;1813;Pesisir Barat;Pangan Hewani;Susu;1,39
2022;1813;Pesisir Barat;Pangan Hewani;Ikan ;20,30
2022;1813;Pesisir Barat;Minyak dan Lemak;Minyak dan Lemak;8,55
2022;1813;Pesisir Barat;Minyak dan Lemak;Minyak Kelapa;0,04
2022;1813;Pesisir Barat;Minyak dan Lemak;Minyak sawit;8,35
2022;1813;Pesisir Barat;Minyak dan Lemak;Minyak lainnya;0,16
2022;1813;Pesisir Barat;Buah/Biji Berminyak;Buah/Biji Berminyak;3,42
2022;1813;Pesisir Barat;Buah/Biji Berminyak;Kelapa;3,34
2022;1813;Pesisir Barat;Buah/Biji Berminyak;Kemiri;0,08
2022;1813;Pesisir Barat;Kacang-kacangan;Kacang-kacangan;11,23
2022;1813;Pesisir Barat;Kacang-kacangan;Kedelai;10,87
2022;1813;Pesisir Barat;Kacang-kacangan;Kacang tanah;0,09
2022;1813;Pesisir Barat;Kacang-kacangan;Kacang hijau;0,19
2022;1813;Pesisir Barat;Kacang-kacangan;kacang lain;0,08
2022;1813;Pesisir Barat;Gula;Gula;6,43
2022;1813;Pesisir Barat;Gula;Gula Pasir;5,67
2022;1813;Pesisir Barat;Gula;Gula Merah;0,76
2022;1813;Pesisir Barat;Sayur dan Buah;Sayur dan Buah;96,13
2022;1813;Pesisir Barat;Sayur dan Buah;Sayur;65,79
2022;1813;Pesisir Barat;Sayur dan Buah;Buah;30,34
2022;1871;Kota Bandar lampung;Padi-Padian;Padi-Padian;95,56
2022;1871;Kota Bandar lampung;Padi-Padian;Beras;76,96
2022;1871;Kota Bandar lampung;Padi-Padian;Jagung;0,89
2022;1871;Kota Bandar lampung;Padi-Padian;Terigu;17,71
2022;1871;Kota Bandar lampung;Umbi-umbian;Umbi-umbian;13,36
2022;1871;Kota Bandar lampung;Umbi-umbian;Singkong;8,08
2022;1871;Kota Bandar lampung;Umbi-umbian;Ubi Jalar;1,47
2022;1871;Kota Bandar lampung;Umbi-umbian;kentang;3,17
2022;1871;Kota Bandar lampung;Umbi-umbian;Sagu;0,110
2022;1871;Kota Bandar lampung;Umbi-umbian;Umbi lainnya;0,53
2022;1871;Kota Bandar lampung;Pangan Hewani;Pangan Hewani;53,88
2022;1871;Kota Bandar lampung;Pangan Hewani;Daging Ruminansia;3,75
2022;1871;Kota Bandar lampung;Pangan Hewani;Daging Unggas;11,10
2022;1871;Kota Bandar lampung;Pangan Hewani;Telur;10,13
2022;1871;Kota Bandar lampung;Pangan Hewani;Susu;3,07
2022;1871;Kota Bandar lampung;Pangan Hewani;Ikan ;25,83
2022;1871;Kota Bandar lampung;Minyak dan Lemak;Minyak dan Lemak;12,05
2022;1871;Kota Bandar lampung;Minyak dan Lemak;Minyak Kelapa;0,03
2022;1871;Kota Bandar lampung;Minyak dan Lemak;Minyak sawit;11,83
2022;1871;Kota Bandar lampung;Minyak dan Lemak;Minyak lainnya;0,19
2022;1871;Kota Bandar lampung;Buah/Biji Berminyak;Buah/Biji Berminyak;0,47
2022;1871;Kota Bandar lampung;Buah/Biji Berminyak;Kelapa;0,32
2022;1871;Kota Bandar lampung;Buah/Biji Berminyak;Kemiri;0,15
2022;1871;Kota Bandar lampung;Kacang-kacangan;Kacang-kacangan;13,65
2022;1871;Kota Bandar lampung;Kacang-kacangan;Kedelai;13,04
2022;1871;Kota Bandar lampung;Kacang-kacangan;Kacang tanah;0,21
2022;1871;Kota Bandar lampung;Kacang-kacangan;Kacang hijau;0,29
2022;1871;Kota Bandar lampung;Kacang-kacangan;kacang lain;0,11
2022;1871;Kota Bandar lampung;Gula;Gula;6,69
2022;1871;Kota Bandar lampung;Gula;Gula Pasir;5,98
2022;1871;Kota Bandar lampung;Gula;Gula Merah;0,71
2022;1871;Kota Bandar lampung;Sayur dan Buah;Sayur dan Buah;64,33
2022;1871;Kota Bandar lampung;Sayur dan Buah;Sayur;53,74
2022;1871;Kota Bandar lampung;Sayur dan Buah;Buah;10,59
2022;1872;Kota Metro;Padi-Padian;Padi-Padian;93,32
2022;1872;Kota Metro;Padi-Padian;Beras;75,33
2022;1872;Kota Metro;Padi-Padian;Jagung;0,45
2022;1872;Kota Metro;Padi-Padian;Terigu;17,54
2022;1872;Kota Metro;Umbi-umbian;Umbi-umbian;10,746
2022;1872;Kota Metro;Umbi-umbian;Singkong;7,34
2022;1872;Kota Metro;Umbi-umbian;Ubi Jalar;2,00
2022;1872;Kota Metro;Umbi-umbian;kentang;1,24
2022;1872;Kota Metro;Umbi-umbian;Sagu;0,026
2022;1872;Kota Metro;Umbi-umbian;Umbi lainnya;0,14
2022;1872;Kota Metro;Pangan Hewani;Pangan Hewani;39,980
2022;1872;Kota Metro;Pangan Hewani;Daging Ruminansia;4,700
2022;1872;Kota Metro;Pangan Hewani;Daging Unggas;0,140
2022;1872;Kota Metro;Pangan Hewani;Telur;9,000
2022;1872;Kota Metro;Pangan Hewani;Susu;3,69
2022;1872;Kota Metro;Pangan Hewani;Ikan ;22,45
2022;1872;Kota Metro;Minyak dan Lemak;Minyak dan Lemak;7,97
2022;1872;Kota Metro;Minyak dan Lemak;Minyak Kelapa;0,02
2022;1872;Kota Metro;Minyak dan Lemak;Minyak sawit;7,86
2022;1872;Kota Metro;Minyak dan Lemak;Minyak lainnya;0,09
2022;1872;Kota Metro;Buah/Biji Berminyak;Buah/Biji Berminyak;0,84
2022;1872;Kota Metro;Buah/Biji Berminyak;Kelapa;0,71
2022;1872;Kota Metro;Buah/Biji Berminyak;Kemiri;0,13
2022;1872;Kota Metro;Kacang-kacangan;Kacang-kacangan;9,81
2022;1872;Kota Metro;Kacang-kacangan;Kedelai;9,20
2022;1872;Kota Metro;Kacang-kacangan;Kacang tanah;0,08
2022;1872;Kota Metro;Kacang-kacangan;Kacang hijau;0,47
2022;1872;Kota Metro;Kacang-kacangan;kacang lain;0,06
2022;1872;Kota Metro;Gula;Gula;4,08
2022;1872;Kota Metro;Gula;Gula Pasir;3,63
2022;1872;Kota Metro;Gula;Gula Merah;0,45
2022;1872;Kota Metro;Sayur dan Buah;Sayur dan Buah;90,99
2022;1872;Kota Metro;Sayur dan Buah;Sayur;55,25
2022;1872;Kota Metro;Sayur dan Buah;Buah;35,74
2021;1804;Lampung Barat;Padi-Padian;Padi-Padian;119,84
2021;1804;Lampung Barat;Padi-Padian;Beras;106,22
2021;1804;Lampung Barat;Padi-Padian;Jagung;0,79
2021;1804;Lampung Barat;Padi-Padian;Terigu;12,83
2021;1804;Lampung Barat;Umbi-umbian;Umbi-umbian;28,23
2021;1804;Lampung Barat;Umbi-umbian;Singkong;17,58
2021;1804;Lampung Barat;Umbi-umbian;Ubi Jalar;5,73
2021;1804;Lampung Barat;Umbi-umbian;Kentang;3,29
2021;1804;Lampung Barat;Umbi-umbian;Sagu;0,03
2021;1804;Lampung Barat;Umbi-umbian;Umbi Lainnya;1,61
2021;1804;Lampung Barat;Pangan Hewani;Pangan Hewani;33,44
2021;1804;Lampung Barat;Pangan Hewani;Daging ruminansia;1,23
2021;1804;Lampung Barat;Pangan Hewani;Daging Unggas;4,84
2021;1804;Lampung Barat;Pangan Hewani;Telur;6,13
2021;1804;Lampung Barat;Pangan Hewani;Susu;2,27
2021;1804;Lampung Barat;Pangan Hewani;Ikan;18,98
2021;1804;Lampung Barat;Minyak dan Lemak;Minyak dan Lemak;12,52
2021;1804;Lampung Barat;Minyak dan Lemak;Minyak Kelapa;0,96
2021;1804;Lampung Barat;Minyak dan Lemak;Minyak Sawit;11,52
2021;1804;Lampung Barat;Minyak dan Lemak;Minyak Lainnya;0,03
2021;1804;Lampung Barat;Buah/biji berminyak;Buah/biji berminyak;1,13
2021;1804;Lampung Barat;Buah/biji berminyak;Kelapa;0,91
2021;1804;Lampung Barat;Buah/biji berminyak;Kemiri;0,22
2021;1804;Lampung Barat;Kacang-kacangan;Kacang-kacangan;12,08
2021;1804;Lampung Barat;Kacang-kacangan;Kedelai;11,52
2021;1804;Lampung Barat;Kacang-kacangan;Kacang tanah;0,27
2021;1804;Lampung Barat;Kacang-kacangan;Kacang hijau;0,23
2021;1804;Lampung Barat;Kacang-kacangan;Kacang lain;0,06
2021;1804;Lampung Barat;Gula;Gula;9,64
2021;1804;Lampung Barat;Gula;Gula pasir;8,55
2021;1804;Lampung Barat;Gula;Gula merah;1,09
2021;1804;Lampung Barat;sayur dan buah;sayur dan buah;107,57
2021;1804;Lampung Barat;sayur dan buah;Sayur;78,68
2021;1804;Lampung Barat;sayur dan buah;Buah;28,89
2021;1806;Tanggamus;Padi-Padian;Padi-Padian;110,33
2021;1806;Tanggamus;Padi-Padian;Beras;94,27
2021;1806;Tanggamus;Padi-Padian;Jagung;0,56
2021;1806;Tanggamus;Padi-Padian;Terigu;15,50
2021;1806;Tanggamus;Umbi-umbian;Umbi-umbian;17,62
2021;1806;Tanggamus;Umbi-umbian;Singkong;11,83
2021;1806;Tanggamus;Umbi-umbian;Ubi Jalar;3,02
2021;1806;Tanggamus;Umbi-umbian;Kentang;1,30
2021;1806;Tanggamus;Umbi-umbian;Sagu;0,02
2021;1806;Tanggamus;Umbi-umbian;Umbi Lainnya;1,45
2021;1806;Tanggamus;Pangan Hewani;Pangan Hewani;33,18
2021;1806;Tanggamus;Pangan Hewani;Daging ruminansia;1,58
2021;1806;Tanggamus;Pangan Hewani;Daging Unggas;4,60
2021;1806;Tanggamus;Pangan Hewani;Telur;6,52
2021;1806;Tanggamus;Pangan Hewani;Susu;1,62
2021;1806;Tanggamus;Pangan Hewani;Ikan;18,86
2021;1806;Tanggamus;Minyak dan Lemak;Minyak dan Lemak;11,13
2021;1806;Tanggamus;Minyak dan Lemak;Minyak Kelapa;0,00
2021;1806;Tanggamus;Minyak dan Lemak;Minyak Sawit;11,01
2021;1806;Tanggamus;Minyak dan Lemak;Minyak Lainnya;0,12
2021;1806;Tanggamus;Buah/biji berminyak;Buah/biji berminyak;2,06
2021;1806;Tanggamus;Buah/biji berminyak;Kelapa;1,88
2021;1806;Tanggamus;Buah/biji berminyak;Kemiri;0,18
2021;1806;Tanggamus;Kacang-kacangan;Kacang-kacangan;8,69
2021;1806;Tanggamus;Kacang-kacangan;Kedelai;7,95
2021;1806;Tanggamus;Kacang-kacangan;Kacang tanah;0,15
2021;1806;Tanggamus;Kacang-kacangan;Kacang hijau;0,24
2021;1806;Tanggamus;Kacang-kacangan;Kacang lain;0,34
2021;1806;Tanggamus;Gula;Gula;8,02
2021;1806;Tanggamus;Gula;Gula pasir;7,06
2021;1806;Tanggamus;Gula;Gula merah;0,97
2021;1806;Tanggamus;sayur dan buah;sayur dan buah;93,03
2021;1806;Tanggamus;sayur dan buah;Sayur;66,70
2021;1806;Tanggamus;sayur dan buah;Buah;26,33
2021;1801;Lampung Selatan;Padi-Padian;Padi-Padian;107,11
2021;1801;Lampung Selatan;Padi-Padian;Beras;89,69
2021;1801;Lampung Selatan;Padi-Padian;Jagung;0,76
2021;1801;Lampung Selatan;Padi-Padian;Terigu;16,66
2021;1801;Lampung Selatan;Umbi-umbian;Umbi-umbian;19,34
2021;1801;Lampung Selatan;Umbi-umbian;Singkong;13,33
2021;1801;Lampung Selatan;Umbi-umbian;Ubi Jalar;3,73
2021;1801;Lampung Selatan;Umbi-umbian;Kentang;1,59
2021;1801;Lampung Selatan;Umbi-umbian;Sagu;0,40
2021;1801;Lampung Selatan;Umbi-umbian;Umbi Lainnya;0,29
2021;1801;Lampung Selatan;Pangan Hewani;Pangan Hewani;43,56
2021;1801;Lampung Selatan;Pangan Hewani;Daging ruminansia;2,12
2021;1801;Lampung Selatan;Pangan Hewani;Daging Unggas;6,57
2021;1801;Lampung Selatan;Pangan Hewani;Telur;8,49
2021;1801;Lampung Selatan;Pangan Hewani;Susu;2,10
2021;1801;Lampung Selatan;Pangan Hewani;Ikan;24,28
2021;1801;Lampung Selatan;Minyak dan Lemak;Minyak dan Lemak;13,16
2021;1801;Lampung Selatan;Minyak dan Lemak;Minyak Kelapa;0,11
2021;1801;Lampung Selatan;Minyak dan Lemak;Minyak Sawit;12,93
2021;1801;Lampung Selatan;Minyak dan Lemak;Minyak Lainnya;0,11
2021;1801;Lampung Selatan;Buah/biji berminyak;Buah/biji berminyak;1,81
2021;1801;Lampung Selatan;Buah/biji berminyak;Kelapa;1,69
2021;1801;Lampung Selatan;Buah/biji berminyak;Kemiri;0,13
2021;1801;Lampung Selatan;Kacang-kacangan;Kacang-kacangan;12,71
2021;1801;Lampung Selatan;Kacang-kacangan;Kedelai;11,58
2021;1801;Lampung Selatan;Kacang-kacangan;Kacang tanah;0,34
2021;1801;Lampung Selatan;Kacang-kacangan;Kacang hijau;0,22
2021;1801;Lampung Selatan;Kacang-kacangan;Kacang lain;0,57
2021;1801;Lampung Selatan;Gula;Gula;8,08
2021;1801;Lampung Selatan;Gula;Gula pasir;7,18
2021;1801;Lampung Selatan;Gula;Gula merah;0,90
2021;1801;Lampung Selatan;sayur dan buah;sayur dan buah;102,88
2021;1801;Lampung Selatan;sayur dan buah;Sayur;70,49
2021;1801;Lampung Selatan;sayur dan buah;Buah;32,39
2021;1807;Lampung Timur;Padi-Padian;Padi-Padian;101,72
2021;1807;Lampung Timur;Padi-Padian;Beras;88,43
2021;1807;Lampung Timur;Padi-Padian;Jagung;0,20
2021;1807;Lampung Timur;Padi-Padian;Terigu;13,08
2021;1807;Lampung Timur;Umbi-umbian;Umbi-umbian;21,68
2021;1807;Lampung Timur;Umbi-umbian;Singkong;15,46
2021;1807;Lampung Timur;Umbi-umbian;Ubi Jalar;3,96
2021;1807;Lampung Timur;Umbi-umbian;Kentang;2,01
2021;1807;Lampung Timur;Umbi-umbian;Sagu;0,04
2021;1807;Lampung Timur;Umbi-umbian;Umbi Lainnya;0,21
2021;1807;Lampung Timur;Pangan Hewani;Pangan Hewani;41,18
2021;1807;Lampung Timur;Pangan Hewani;Daging ruminansia;1,93
2021;1807;Lampung Timur;Pangan Hewani;Daging Unggas;7,45
2021;1807;Lampung Timur;Pangan Hewani;Telur;7,48
2021;1807;Lampung Timur;Pangan Hewani;Susu;2,36
2021;1807;Lampung Timur;Pangan Hewani;Ikan;21,94
2021;1807;Lampung Timur;Minyak dan Lemak;Minyak dan Lemak;12,12
2021;1807;Lampung Timur;Minyak dan Lemak;Minyak Kelapa;0,71
2021;1807;Lampung Timur;Minyak dan Lemak;Minyak Sawit;11,22
2021;1807;Lampung Timur;Minyak dan Lemak;Minyak Lainnya;0,19
2021;1807;Lampung Timur;Buah/biji berminyak;Buah/biji berminyak;3,02
2021;1807;Lampung Timur;Buah/biji berminyak;Kelapa;2,61
2021;1807;Lampung Timur;Buah/biji berminyak;Kemiri;0,41
2021;1807;Lampung Timur;Kacang-kacangan;Kacang-kacangan;11,07
2021;1807;Lampung Timur;Kacang-kacangan;Kedelai;10,37
2021;1807;Lampung Timur;Kacang-kacangan;Kacang tanah;0,33
2021;1807;Lampung Timur;Kacang-kacangan;Kacang hijau;0,20
2021;1807;Lampung Timur;Kacang-kacangan;Kacang lain;0,17
2021;1807;Lampung Timur;Gula;Gula;8,23
2021;1807;Lampung Timur;Gula;Gula pasir;6,91
2021;1807;Lampung Timur;Gula;Gula merah;1,32
2021;1807;Lampung Timur;sayur dan buah;sayur dan buah;100,84
2021;1807;Lampung Timur;sayur dan buah;Sayur;66,05
2021;1807;Lampung Timur;sayur dan buah;Buah;34,79
2021;1802;Lampung Tengah;Padi-Padian;Padi-Padian;114,92
2021;1802;Lampung Tengah;Padi-Padian;Beras;98,39
2021;1802;Lampung Tengah;Padi-Padian;Jagung;0,49
2021;1802;Lampung Tengah;Padi-Padian;Terigu;16,03
2021;1802;Lampung Tengah;Umbi-umbian;Umbi-umbian;20,10
2021;1802;Lampung Tengah;Umbi-umbian;Singkong;14,00
2021;1802;Lampung Tengah;Umbi-umbian;Ubi Jalar;4,40
2021;1802;Lampung Tengah;Umbi-umbian;Kentang;1,41
2021;1802;Lampung Tengah;Umbi-umbian;Sagu;0,00
2021;1802;Lampung Tengah;Umbi-umbian;Umbi Lainnya;0,28
2021;1802;Lampung Tengah;Pangan Hewani;Pangan Hewani;39,33
2021;1802;Lampung Tengah;Pangan Hewani;Daging ruminansia;2,80
2021;1802;Lampung Tengah;Pangan Hewani;Daging Unggas;6,74
2021;1802;Lampung Tengah;Pangan Hewani;Telur;7,57
2021;1802;Lampung Tengah;Pangan Hewani;Susu;2,04
2021;1802;Lampung Tengah;Pangan Hewani;Ikan;20,17
2021;1802;Lampung Tengah;Minyak dan Lemak;Minyak dan Lemak;13,05
2021;1802;Lampung Tengah;Minyak dan Lemak;Minyak Kelapa;0,29
2021;1802;Lampung Tengah;Minyak dan Lemak;Minyak Sawit;12,44
2021;1802;Lampung Tengah;Minyak dan Lemak;Minyak Lainnya;0,32
2021;1802;Lampung Tengah;Buah/biji berminyak;Buah/biji berminyak;2,63
2021;1802;Lampung Tengah;Buah/biji berminyak;Kelapa;2,40
2021;1802;Lampung Tengah;Buah/biji berminyak;Kemiri;0,23
2021;1802;Lampung Tengah;Kacang-kacangan;Kacang-kacangan;12,08
2021;1802;Lampung Tengah;Kacang-kacangan;Kedelai;11,29
2021;1802;Lampung Tengah;Kacang-kacangan;Kacang tanah;0,35
2021;1802;Lampung Tengah;Kacang-kacangan;Kacang hijau;0,22
2021;1802;Lampung Tengah;Kacang-kacangan;Kacang lain;0,22
2021;1802;Lampung Tengah;Gula;Gula;8,37
2021;1802;Lampung Tengah;Gula;Gula pasir;6,83
2021;1802;Lampung Tengah;Gula;Gula merah;1,55
2021;1802;Lampung Tengah;sayur dan buah;sayur dan buah;95,66
2021;1802;Lampung Tengah;sayur dan buah;Sayur;65,95
2021;1802;Lampung Tengah;sayur dan buah;Buah;29,71
2021;1803;Lampung Utara;Padi-Padian;Padi-Padian;104,53
2021;1803;Lampung Utara;Padi-Padian;Beras;89,71
2021;1803;Lampung Utara;Padi-Padian;Jagung;1,21
2021;1803;Lampung Utara;Padi-Padian;Terigu;13,60
2021;1803;Lampung Utara;Umbi-umbian;Umbi-umbian;14,46
2021;1803;Lampung Utara;Umbi-umbian;Singkong;8,93
2021;1803;Lampung Utara;Umbi-umbian;Ubi Jalar;3,38
2021;1803;Lampung Utara;Umbi-umbian;Kentang;1,83
2021;1803;Lampung Utara;Umbi-umbian;Sagu;0,01
2021;1803;Lampung Utara;Umbi-umbian;Umbi Lainnya;0,31
2021;1803;Lampung Utara;Pangan Hewani;Pangan Hewani;33,46
2021;1803;Lampung Utara;Pangan Hewani;Daging ruminansia;1,52
2021;1803;Lampung Utara;Pangan Hewani;Daging Unggas;4,27
2021;1803;Lampung Utara;Pangan Hewani;Telur;7,21
2021;1803;Lampung Utara;Pangan Hewani;Susu;1,83
2021;1803;Lampung Utara;Pangan Hewani;Ikan;18,63
2021;1803;Lampung Utara;Minyak dan Lemak;Minyak dan Lemak;12,19
2021;1803;Lampung Utara;Minyak dan Lemak;Minyak Kelapa;0,39
2021;1803;Lampung Utara;Minyak dan Lemak;Minyak Sawit;11,57
2021;1803;Lampung Utara;Minyak dan Lemak;Minyak Lainnya;0,23
2021;1803;Lampung Utara;Buah/biji berminyak;Buah/biji berminyak;1,09
2021;1803;Lampung Utara;Buah/biji berminyak;Kelapa;0,97
2021;1803;Lampung Utara;Buah/biji berminyak;Kemiri;0,12
2021;1803;Lampung Utara;Kacang-kacangan;Kacang-kacangan;7,96
2021;1803;Lampung Utara;Kacang-kacangan;Kedelai;7,39
2021;1803;Lampung Utara;Kacang-kacangan;Kacang tanah;0,18
2021;1803;Lampung Utara;Kacang-kacangan;Kacang hijau;0,13
2021;1803;Lampung Utara;Kacang-kacangan;Kacang lain;0,26
2021;1803;Lampung Utara;Gula;Gula;9,03
2021;1803;Lampung Utara;Gula;Gula pasir;7,97
2021;1803;Lampung Utara;Gula;Gula merah;1,06
2021;1803;Lampung Utara;sayur dan buah;sayur dan buah;85,69
2021;1803;Lampung Utara;sayur dan buah;Sayur;64,09
2021;1803;Lampung Utara;sayur dan buah;Buah;21,60
2021;1808;Way Kawan;Padi-Padian;Padi-Padian;112,35
2021;1808;Way Kawan;Padi-Padian;Beras;96,84
2021;1808;Way Kawan;Padi-Padian;Jagung;0,17
2021;1808;Way Kawan;Padi-Padian;Terigu;15,34
2021;1808;Way Kawan;Umbi-umbian;Umbi-umbian;19,59
2021;1808;Way Kawan;Umbi-umbian;Singkong;14,50
2021;1808;Way Kawan;Umbi-umbian;Ubi Jalar;3,19
2021;1808;Way Kawan;Umbi-umbian;Kentang;1,65
2021;1808;Way Kawan;Umbi-umbian;Sagu;0,01
2021;1808;Way Kawan;Umbi-umbian;Umbi Lainnya;0,24
2021;1808;Way Kawan;Pangan Hewani;Pangan Hewani;37,46
2021;1808;Way Kawan;Pangan Hewani;Daging ruminansia;2,42
2021;1808;Way Kawan;Pangan Hewani;Daging Unggas;5,52
2021;1808;Way Kawan;Pangan Hewani;Telur;7,60
2021;1808;Way Kawan;Pangan Hewani;Susu;1,92
2021;1808;Way Kawan;Pangan Hewani;Ikan;20,00
2021;1808;Way Kawan;Minyak dan Lemak;Minyak dan Lemak;12,33
2021;1808;Way Kawan;Minyak dan Lemak;Minyak Kelapa;0,00
2021;1808;Way Kawan;Minyak dan Lemak;Minyak Sawit;12,07
2021;1808;Way Kawan;Minyak dan Lemak;Minyak Lainnya;0,26
2021;1808;Way Kawan;Buah/biji berminyak;Buah/biji berminyak;1,60
2021;1808;Way Kawan;Buah/biji berminyak;Kelapa;1,41
2021;1808;Way Kawan;Buah/biji berminyak;Kemiri;0,19
2021;1808;Way Kawan;Kacang-kacangan;Kacang-kacangan;8,07
2021;1808;Way Kawan;Kacang-kacangan;Kedelai;7,50
2021;1808;Way Kawan;Kacang-kacangan;Kacang tanah;0,15
2021;1808;Way Kawan;Kacang-kacangan;Kacang hijau;0,14
2021;1808;Way Kawan;Kacang-kacangan;Kacang lain;0,28
2021;1808;Way Kawan;Gula;Gula;9,74
2021;1808;Way Kawan;Gula;Gula pasir;8,89
2021;1808;Way Kawan;Gula;Gula merah;0,85
2021;1808;Way Kawan;sayur dan buah;sayur dan buah;104,62
2021;1808;Way Kawan;sayur dan buah;Sayur;71,12
2021;1808;Way Kawan;sayur dan buah;Buah;33,50
2021;1805;Tulang Bawang;Padi-Padian;Padi-Padian;100,27
2021;1805;Tulang Bawang;Padi-Padian;Beras;88,35
2021;1805;Tulang Bawang;Padi-Padian;Jagung;0,50
2021;1805;Tulang Bawang;Padi-Padian;Terigu;11,42
2021;1805;Tulang Bawang;Umbi-umbian;Umbi-umbian;15,21
2021;1805;Tulang Bawang;Umbi-umbian;Singkong;11,90
2021;1805;Tulang Bawang;Umbi-umbian;Ubi Jalar;2,08
2021;1805;Tulang Bawang;Umbi-umbian;Kentang;0,90
2021;1805;Tulang Bawang;Umbi-umbian;Sagu;0,04
2021;1805;Tulang Bawang;Umbi-umbian;Umbi Lainnya;0,30
2021;1805;Tulang Bawang;Pangan Hewani;Pangan Hewani;39,27
2021;1805;Tulang Bawang;Pangan Hewani;Daging ruminansia;2,25
2021;1805;Tulang Bawang;Pangan Hewani;Daging Unggas;5,18
2021;1805;Tulang Bawang;Pangan Hewani;Telur;6,43
2021;1805;Tulang Bawang;Pangan Hewani;Susu;1,82
2021;1805;Tulang Bawang;Pangan Hewani;Ikan;23,58
2021;1805;Tulang Bawang;Minyak dan Lemak;Minyak dan Lemak;10,57
2021;1805;Tulang Bawang;Minyak dan Lemak;Minyak Kelapa;0,00
2021;1805;Tulang Bawang;Minyak dan Lemak;Minyak Sawit;10,42
2021;1805;Tulang Bawang;Minyak dan Lemak;Minyak Lainnya;0,15
2021;1805;Tulang Bawang;Buah/biji berminyak;Buah/biji berminyak;1,52
2021;1805;Tulang Bawang;Buah/biji berminyak;Kelapa;1,28
2021;1805;Tulang Bawang;Buah/biji berminyak;Kemiri;0,24
2021;1805;Tulang Bawang;Kacang-kacangan;Kacang-kacangan;8,05
2021;1805;Tulang Bawang;Kacang-kacangan;Kedelai;7,53
2021;1805;Tulang Bawang;Kacang-kacangan;Kacang tanah;0,15
2021;1805;Tulang Bawang;Kacang-kacangan;Kacang hijau;0,18
2021;1805;Tulang Bawang;Kacang-kacangan;Kacang lain;0,19
2021;1805;Tulang Bawang;Gula;Gula;6,64
2021;1805;Tulang Bawang;Gula;Gula pasir;6,10
2021;1805;Tulang Bawang;Gula;Gula merah;0,54
2021;1805;Tulang Bawang;sayur dan buah;sayur dan buah;84,23
2021;1805;Tulang Bawang;sayur dan buah;Sayur;58,30
2021;1805;Tulang Bawang;sayur dan buah;Buah;25,93
2021;1809;Pesawaran;Padi-Padian;Padi-Padian;109,62
2021;1809;Pesawaran;Padi-Padian;Beras;94,43
2021;1809;Pesawaran;Padi-Padian;Jagung;0,37
2021;1809;Pesawaran;Padi-Padian;Terigu;14,82
2021;1809;Pesawaran;Umbi-umbian;Umbi-umbian;17,13
2021;1809;Pesawaran;Umbi-umbian;Singkong;11,03
2021;1809;Pesawaran;Umbi-umbian;Ubi Jalar;3,88
2021;1809;Pesawaran;Umbi-umbian;Kentang;1,48
2021;1809;Pesawaran;Umbi-umbian;Sagu;0,07
2021;1809;Pesawaran;Umbi-umbian;Umbi Lainnya;0,68
2021;1809;Pesawaran;Pangan Hewani;Pangan Hewani;37,44
2021;1809;Pesawaran;Pangan Hewani;Daging ruminansia;2,60
2021;1809;Pesawaran;Pangan Hewani;Daging Unggas;6,04
2021;1809;Pesawaran;Pangan Hewani;Telur;7,05
2021;1809;Pesawaran;Pangan Hewani;Susu;1,99
2021;1809;Pesawaran;Pangan Hewani;Ikan;19,76
2021;1809;Pesawaran;Minyak dan Lemak;Minyak dan Lemak;13,25
2021;1809;Pesawaran;Minyak dan Lemak;Minyak Kelapa;0,00
2021;1809;Pesawaran;Minyak dan Lemak;Minyak Sawit;12,98
2021;1809;Pesawaran;Minyak dan Lemak;Minyak Lainnya;0,27
2021;1809;Pesawaran;Buah/biji berminyak;Buah/biji berminyak;2,00
2021;1809;Pesawaran;Buah/biji berminyak;Kelapa;1,76
2021;1809;Pesawaran;Buah/biji berminyak;Kemiri;0,25
2021;1809;Pesawaran;Kacang-kacangan;Kacang-kacangan;15,23
2021;1809;Pesawaran;Kacang-kacangan;Kedelai;14,35
2021;1809;Pesawaran;Kacang-kacangan;Kacang tanah;0,51
2021;1809;Pesawaran;Kacang-kacangan;Kacang hijau;0,21
2021;1809;Pesawaran;Kacang-kacangan;Kacang lain;0,16
2021;1809;Pesawaran;Gula;Gula;8,31
2021;1809;Pesawaran;Gula;Gula pasir;7,32
2021;1809;Pesawaran;Gula;Gula merah;1,00
2021;1809;Pesawaran;sayur dan buah;sayur dan buah;110,29
2021;1809;Pesawaran;sayur dan buah;Sayur;75,78
2021;1809;Pesawaran;sayur dan buah;Buah;34,51
2021;1810;Pringsewu;Padi-Padian;Padi-Padian;104,61
2021;1810;Pringsewu;Padi-Padian;Beras;87,20
2021;1810;Pringsewu;Padi-Padian;Jagung;0,46
2021;1810;Pringsewu;Padi-Padian;Terigu;16,95
2021;1810;Pringsewu;Umbi-umbian;Umbi-umbian;19,09
2021;1810;Pringsewu;Umbi-umbian;Singkong;13,82
2021;1810;Pringsewu;Umbi-umbian;Ubi Jalar;3,22
2021;1810;Pringsewu;Umbi-umbian;Kentang;1,47
2021;1810;Pringsewu;Umbi-umbian;Sagu;0,02
2021;1810;Pringsewu;Umbi-umbian;Umbi Lainnya;0,57
2021;1810;Pringsewu;Pangan Hewani;Pangan Hewani;36,09
2021;1810;Pringsewu;Pangan Hewani;Daging ruminansia;3,66
2021;1810;Pringsewu;Pangan Hewani;Daging Unggas;5,42
2021;1810;Pringsewu;Pangan Hewani;Telur;7,51
2021;1810;Pringsewu;Pangan Hewani;Susu;2,42
2021;1810;Pringsewu;Pangan Hewani;Ikan;17,08
2021;1810;Pringsewu;Minyak dan Lemak;Minyak dan Lemak;13,91
2021;1810;Pringsewu;Minyak dan Lemak;Minyak Kelapa;0,00
2021;1810;Pringsewu;Minyak dan Lemak;Minyak Sawit;13,76
2021;1810;Pringsewu;Minyak dan Lemak;Minyak Lainnya;0,15
2021;1810;Pringsewu;Buah/biji berminyak;Buah/biji berminyak;1,84
2021;1810;Pringsewu;Buah/biji berminyak;Kelapa;1,66
2021;1810;Pringsewu;Buah/biji berminyak;Kemiri;0,18
2021;1810;Pringsewu;Kacang-kacangan;Kacang-kacangan;13,63
2021;1810;Pringsewu;Kacang-kacangan;Kedelai;12,85
2021;1810;Pringsewu;Kacang-kacangan;Kacang tanah;0,25
2021;1810;Pringsewu;Kacang-kacangan;Kacang hijau;0,18
2021;1810;Pringsewu;Kacang-kacangan;Kacang lain;0,35
2021;1810;Pringsewu;Gula;Gula;8,26
2021;1810;Pringsewu;Gula;Gula pasir;6,82
2021;1810;Pringsewu;Gula;Gula merah;1,45
2021;1810;Pringsewu;sayur dan buah;sayur dan buah;107,99
2021;1810;Pringsewu;sayur dan buah;Sayur;72,96
2021;1810;Pringsewu;sayur dan buah;Buah;35,03
2021;1811;Mesuji;Padi-Padian;Padi-Padian;103,78
2021;1811;Mesuji;Padi-Padian;Beras;91,34
2021;1811;Mesuji;Padi-Padian;Jagung;0,39
2021;1811;Mesuji;Padi-Padian;Terigu;12,05
2021;1811;Mesuji;Umbi-umbian;Umbi-umbian;21,18
2021;1811;Mesuji;Umbi-umbian;Singkong;16,20
2021;1811;Mesuji;Umbi-umbian;Ubi Jalar;3,71
2021;1811;Mesuji;Umbi-umbian;Kentang;1,07
2021;1811;Mesuji;Umbi-umbian;Sagu;0,04
2021;1811;Mesuji;Umbi-umbian;Umbi Lainnya;0,17
2021;1811;Mesuji;Pangan Hewani;Pangan Hewani;40,19
2021;1811;Mesuji;Pangan Hewani;Daging ruminansia;2,39
2021;1811;Mesuji;Pangan Hewani;Daging Unggas;6,95
2021;1811;Mesuji;Pangan Hewani;Telur;6,14
2021;1811;Mesuji;Pangan Hewani;Susu;2,18
2021;1811;Mesuji;Pangan Hewani;Ikan;22,53
2021;1811;Mesuji;Minyak dan Lemak;Minyak dan Lemak;11,95
2021;1811;Mesuji;Minyak dan Lemak;Minyak Kelapa;0,00
2021;1811;Mesuji;Minyak dan Lemak;Minyak Sawit;11,68
2021;1811;Mesuji;Minyak dan Lemak;Minyak Lainnya;0,27
2021;1811;Mesuji;Buah/biji berminyak;Buah/biji berminyak;1,89
2021;1811;Mesuji;Buah/biji berminyak;Kelapa;1,72
2021;1811;Mesuji;Buah/biji berminyak;Kemiri;0,17
2021;1811;Mesuji;Kacang-kacangan;Kacang-kacangan;8,28
2021;1811;Mesuji;Kacang-kacangan;Kedelai;8,00
2021;1811;Mesuji;Kacang-kacangan;Kacang tanah;0,12
2021;1811;Mesuji;Kacang-kacangan;Kacang hijau;0,14
2021;1811;Mesuji;Kacang-kacangan;Kacang lain;0,03
2021;1811;Mesuji;Gula;Gula;8,09
2021;1811;Mesuji;Gula;Gula pasir;7,21
2021;1811;Mesuji;Gula;Gula merah;0,88
2021;1811;Mesuji;sayur dan buah;sayur dan buah;88,84
2021;1811;Mesuji;sayur dan buah;Sayur;63,67
2021;1811;Mesuji;sayur dan buah;Buah;25,17
2021;1812;Tulang Bawang Barat;Padi-Padian;Padi-Padian;98,62
2021;1812;Tulang Bawang Barat;Padi-Padian;Beras;88,23
2021;1812;Tulang Bawang Barat;Padi-Padian;Jagung;0,36
2021;1812;Tulang Bawang Barat;Padi-Padian;Terigu;10,03
2021;1812;Tulang Bawang Barat;Umbi-umbian;Umbi-umbian;11,13
2021;1812;Tulang Bawang Barat;Umbi-umbian;Singkong;7,55
2021;1812;Tulang Bawang Barat;Umbi-umbian;Ubi Jalar;2,71
2021;1812;Tulang Bawang Barat;Umbi-umbian;Kentang;0,82
2021;1812;Tulang Bawang Barat;Umbi-umbian;Sagu;0,00
2021;1812;Tulang Bawang Barat;Umbi-umbian;Umbi Lainnya;0,05
2021;1812;Tulang Bawang Barat;Pangan Hewani;Pangan Hewani;33,12
2021;1812;Tulang Bawang Barat;Pangan Hewani;Daging ruminansia;1,35
2021;1812;Tulang Bawang Barat;Pangan Hewani;Daging Unggas;4,99
2021;1812;Tulang Bawang Barat;Pangan Hewani;Telur;5,95
2021;1812;Tulang Bawang Barat;Pangan Hewani;Susu;2,17
2021;1812;Tulang Bawang Barat;Pangan Hewani;Ikan;18,66
2021;1812;Tulang Bawang Barat;Minyak dan Lemak;Minyak dan Lemak;10,82
2021;1812;Tulang Bawang Barat;Minyak dan Lemak;Minyak Kelapa;0,00
2021;1812;Tulang Bawang Barat;Minyak dan Lemak;Minyak Sawit;10,50
2021;1812;Tulang Bawang Barat;Minyak dan Lemak;Minyak Lainnya;0,32
2021;1812;Tulang Bawang Barat;Buah/biji berminyak;Buah/biji berminyak;1,51
2021;1812;Tulang Bawang Barat;Buah/biji berminyak;Kelapa;1,29
2021;1812;Tulang Bawang Barat;Buah/biji berminyak;Kemiri;0,22
2021;1812;Tulang Bawang Barat;Kacang-kacangan;Kacang-kacangan;7,72
2021;1812;Tulang Bawang Barat;Kacang-kacangan;Kedelai;7,42
2021;1812;Tulang Bawang Barat;Kacang-kacangan;Kacang tanah;0,04
2021;1812;Tulang Bawang Barat;Kacang-kacangan;Kacang hijau;0,16
2021;1812;Tulang Bawang Barat;Kacang-kacangan;Kacang lain;0,09
2021;1812;Tulang Bawang Barat;Gula;Gula;8,01
2021;1812;Tulang Bawang Barat;Gula;Gula pasir;7,29
2021;1812;Tulang Bawang Barat;Gula;Gula merah;0,73
2021;1812;Tulang Bawang Barat;sayur dan buah;sayur dan buah;83,30
2021;1812;Tulang Bawang Barat;sayur dan buah;Sayur;64,06
2021;1812;Tulang Bawang Barat;sayur dan buah;Buah;19,24
2021;1813;Pesisir Barat;Padi-Padian;Padi-Padian;103,56
2021;1813;Pesisir Barat;Padi-Padian;Beras;90,95
2021;1813;Pesisir Barat;Padi-Padian;Jagung;0,24
2021;1813;Pesisir Barat;Padi-Padian;Terigu;12,37
2021;1813;Pesisir Barat;Umbi-umbian;Umbi-umbian;16,88
2021;1813;Pesisir Barat;Umbi-umbian;Singkong;11,31
2021;1813;Pesisir Barat;Umbi-umbian;Ubi Jalar;2,76
2021;1813;Pesisir Barat;Umbi-umbian;Kentang;2,21
2021;1813;Pesisir Barat;Umbi-umbian;Sagu;0,03
2021;1813;Pesisir Barat;Umbi-umbian;Umbi Lainnya;0,57
2021;1813;Pesisir Barat;Pangan Hewani;Pangan Hewani;37,52
2021;1813;Pesisir Barat;Pangan Hewani;Daging ruminansia;1,19
2021;1813;Pesisir Barat;Pangan Hewani;Daging Unggas;4,73
2021;1813;Pesisir Barat;Pangan Hewani;Telur;5,94
2021;1813;Pesisir Barat;Pangan Hewani;Susu;1,76
2021;1813;Pesisir Barat;Pangan Hewani;Ikan;23,90
2021;1813;Pesisir Barat;Minyak dan Lemak;Minyak dan Lemak;10,39
2021;1813;Pesisir Barat;Minyak dan Lemak;Minyak Kelapa;0,51
2021;1813;Pesisir Barat;Minyak dan Lemak;Minyak Sawit;9,86
2021;1813;Pesisir Barat;Minyak dan Lemak;Minyak Lainnya;0,03
2021;1813;Pesisir Barat;Buah/biji berminyak;Buah/biji berminyak;5,00
2021;1813;Pesisir Barat;Buah/biji berminyak;Kelapa;4,92
2021;1813;Pesisir Barat;Buah/biji berminyak;Kemiri;0,08
2021;1813;Pesisir Barat;Kacang-kacangan;Kacang-kacangan;9,45
2021;1813;Pesisir Barat;Kacang-kacangan;Kedelai;8,86
2021;1813;Pesisir Barat;Kacang-kacangan;Kacang tanah;0,28
2021;1813;Pesisir Barat;Kacang-kacangan;Kacang hijau;0,15
2021;1813;Pesisir Barat;Kacang-kacangan;Kacang lain;0,16
2021;1813;Pesisir Barat;Gula;Gula;8,16
2021;1813;Pesisir Barat;Gula;Gula pasir;7,27
2021;1813;Pesisir Barat;Gula;Gula merah;0,88
2021;1813;Pesisir Barat;sayur dan buah;sayur dan buah;93,36
2021;1813;Pesisir Barat;sayur dan buah;Sayur;65,16
2021;1813;Pesisir Barat;sayur dan buah;Buah;28,20
2021;1871;Kota Bandar lampung;Padi-Padian;Padi-Padian;103,55
2021;1871;Kota Bandar lampung;Padi-Padian;Beras;82,07
2021;1871;Kota Bandar lampung;Padi-Padian;Jagung;0,74
2021;1871;Kota Bandar lampung;Padi-Padian;Terigu;20,74
2021;1871;Kota Bandar lampung;Umbi-umbian;Umbi-umbian;15,63
2021;1871;Kota Bandar lampung;Umbi-umbian;Singkong;9,52
2021;1871;Kota Bandar lampung;Umbi-umbian;Ubi Jalar;2,34
2021;1871;Kota Bandar lampung;Umbi-umbian;Kentang;2,85
2021;1871;Kota Bandar lampung;Umbi-umbian;Sagu;0,26
2021;1871;Kota Bandar lampung;Umbi-umbian;Umbi Lainnya;0,66
2021;1871;Kota Bandar lampung;Pangan Hewani;Pangan Hewani;52,05
2021;1871;Kota Bandar lampung;Pangan Hewani;Daging ruminansia;4,01
2021;1871;Kota Bandar lampung;Pangan Hewani;Daging Unggas;9,66
2021;1871;Kota Bandar lampung;Pangan Hewani;Telur;10,52
2021;1871;Kota Bandar lampung;Pangan Hewani;Susu;3,91
2021;1871;Kota Bandar lampung;Pangan Hewani;Ikan;23,95
2021;1871;Kota Bandar lampung;Minyak dan Lemak;Minyak dan Lemak;12,09
2021;1871;Kota Bandar lampung;Minyak dan Lemak;Minyak Kelapa;0,32
2021;1871;Kota Bandar lampung;Minyak dan Lemak;Minyak Sawit;11,04
2021;1871;Kota Bandar lampung;Minyak dan Lemak;Minyak Lainnya;0,73
2021;1871;Kota Bandar lampung;Buah/biji berminyak;Buah/biji berminyak;0,68
2021;1871;Kota Bandar lampung;Buah/biji berminyak;Kelapa;0,52
2021;1871;Kota Bandar lampung;Buah/biji berminyak;Kemiri;0,16
2021;1871;Kota Bandar lampung;Kacang-kacangan;Kacang-kacangan;13,72
2021;1871;Kota Bandar lampung;Kacang-kacangan;Kedelai;13,11
2021;1871;Kota Bandar lampung;Kacang-kacangan;Kacang tanah;0,14
2021;1871;Kota Bandar lampung;Kacang-kacangan;Kacang hijau;0,29
2021;1871;Kota Bandar lampung;Kacang-kacangan;Kacang lain;0,18
2021;1871;Kota Bandar lampung;Gula;Gula;6,86
2021;1871;Kota Bandar lampung;Gula;Gula pasir;6,07
2021;1871;Kota Bandar lampung;Gula;Gula merah;0,80
2021;1871;Kota Bandar lampung;sayur dan buah;sayur dan buah;83,06
2021;1871;Kota Bandar lampung;sayur dan buah;Sayur;54,17
2021;1871;Kota Bandar lampung;sayur dan buah;Buah;28,89
2021;1872;Kota Metro;Padi-Padian;Padi-Padian;101,46
2021;1872;Kota Metro;Padi-Padian;Beras;83,29
2021;1872;Kota Metro;Padi-Padian;Jagung;0,44
2021;1872;Kota Metro;Padi-Padian;Terigu;17,73
2021;1872;Kota Metro;Umbi-umbian;Umbi-umbian;13,74
2021;1872;Kota Metro;Umbi-umbian;Singkong;9,35
2021;1872;Kota Metro;Umbi-umbian;Ubi Jalar;2,78
2021;1872;Kota Metro;Umbi-umbian;Kentang;1,58
2021;1872;Kota Metro;Umbi-umbian;Sagu;0,00
2021;1872;Kota Metro;Umbi-umbian;Umbi Lainnya;0,02
2021;1872;Kota Metro;Pangan Hewani;Pangan Hewani;50,30
2021;1872;Kota Metro;Pangan Hewani;Daging ruminansia;4,37
2021;1872;Kota Metro;Pangan Hewani;Daging Unggas;9,61
2021;1872;Kota Metro;Pangan Hewani;Telur;9,95
2021;1872;Kota Metro;Pangan Hewani;Susu;3,23
2021;1872;Kota Metro;Pangan Hewani;Ikan;23,14
2021;1872;Kota Metro;Minyak dan Lemak;Minyak dan Lemak;11,74
2021;1872;Kota Metro;Minyak dan Lemak;Minyak Kelapa;0,04
2021;1872;Kota Metro;Minyak dan Lemak;Minyak Sawit;11,17
2021;1872;Kota Metro;Minyak dan Lemak;Minyak Lainnya;0,54
2021;1872;Kota Metro;Buah/biji berminyak;Buah/biji berminyak;1,64
2021;1872;Kota Metro;Buah/biji berminyak;Kelapa;1,43
2021;1872;Kota Metro;Buah/biji berminyak;Kemiri;0,21
2021;1872;Kota Metro;Kacang-kacangan;Kacang-kacangan;10,92
2021;1872;Kota Metro;Kacang-kacangan;Kedelai;10,09
2021;1872;Kota Metro;Kacang-kacangan;Kacang tanah;0,23
2021;1872;Kota Metro;Kacang-kacangan;Kacang hijau;0,49
2021;1872;Kota Metro;Kacang-kacangan;Kacang lain;0,10
2021;1872;Kota Metro;Gula;Gula;5,55
2021;1872;Kota Metro;Gula;Gula pasir;4,89
2021;1872;Kota Metro;Gula;Gula merah;0,65
2021;1872;Kota Metro;sayur dan buah;sayur dan buah;97,75
2021;1872;Kota Metro;sayur dan buah;Sayur;62,63
2021;1872;Kota Metro;sayur dan buah;Buah;35,11
