kabupaten_kota;tahun;komoditas;produksi;luas_panen;produktivitas;
Lampung Barat;2017;Jagung;831.4316666;190.7;43.59893375;
Lampung Barat;2017;Kacang Hijau;0;0;0;
Lampung Barat;2017;Kacang Tamnah;244.471375;196.4;12.44762602;
Lampung Barat;2017;Kedelai;91;66;13.78787879;
Lampung Barat;2017;Padi;147606;27732.4;53.22510854;
Lampung Barat;2017;Padi Ladang;0;0;0;
Lampung Barat;2017;Padi Sawah;0;0;0;
Lampung Barat;2017;Ubijalar;4644.493173;381;121.902708;
Lampung Barat;2017;Ubikayu / Ketela Pohon;3721.737059;159;234.0715131;
Lampung Barat;2018;Jagung;0;0;0;
Lampung Barat;2018;Kacang Hijau;0;0;0;
Lampung Barat;2018;Kacang Tamnah;303.1279832;169;17.93656705;
Lampung Barat;2018;Kedelai;49.25263145;35;14.07218042;
Lampung Barat;2018;Padi;81355;15536.23;52.36469851;
Lampung Barat;2018;Padi Ladang;0;0;0;
Lampung Barat;2018;Padi Sawah;0;0;0;
Lampung Barat;2018;Ubijalar;8614.607238;355;242.6649926;
Lampung Barat;2018;Ubikayu / Ketela Pohon;3071.568722;131;234.4708948;
Lampung Barat;2019;Jagung;0;0;0;
Lampung Barat;2019;Kacang Hijau;30.723;31;9.910645161;
Lampung Barat;2019;Kacang Tamnah;303.1169194;202;15.00578809;
Lampung Barat;2019;Kedelai;667;477;13.98322851;
Lampung Barat;2019;Padi;59142.33;13631.86;43.38537074;
Lampung Barat;2019;Padi Ladang;0;0;0;
Lampung Barat;2019;Padi Sawah;0;0;0;
Lampung Barat;2019;Ubijalar;8141.446926;320;254.4202165;
Lampung Barat;2019;Ubikayu / Ketela Pohon;4460.427636;167;267.0914752;
Lampung Barat;2020;Jagung;0;0;0;
Lampung Barat;2020;Kacang Hijau;6.5;7;9.285714286;
Lampung Barat;2020;Kacang Tamnah;313.119193;183.4;17.07302034;
Lampung Barat;2020;Kedelai;1682.53893;1058;15.90301446;
Lampung Barat;2020;Padi;57093.19;13400.6;42.60495052;
Lampung Barat;2020;Padi Ladang;0;0;0;
Lampung Barat;2020;Padi Sawah;0;0;0;
Lampung Barat;2020;Ubijalar;6647.178705;367.9;180.6789536;
Lampung Barat;2020;Ubikayu / Ketela Pohon;3487.111043;152;229.4152002;
Lampung Barat;2021;Jagung;0;0;0;
Lampung Barat;2021;Kacang Hijau;0.2;5;0.4;
Lampung Barat;2021;Kacang Tamnah;334.19808;172.6;19.36257706;
Lampung Barat;2021;Kedelai;433.8771555;297.5;14.58410607;
Lampung Barat;2021;Padi;60665.89;12303.02;49.30975484;
Lampung Barat;2021;Padi Ladang;0;0;0;
Lampung Barat;2021;Padi Sawah;0;0;0;
Lampung Barat;2021;Ubijalar;6887.902857;299.9;229.6733197;
Lampung Barat;2021;Ubikayu / Ketela Pohon;3268.747178;127.3;256.7751122;
Lampung Barat;2022;Jagung;0;0;0;
Lampung Barat;2022;Kacang Hijau;0;0;0;
Lampung Barat;2022;Kacang Tamnah;229.3218415;150.2;15.26776575;
Lampung Barat;2022;Kedelai;46.1904606;28.5;16.20717916;
Lampung Barat;2022;Padi;62802.09;13032.88;48.18742289;
Lampung Barat;2022;Padi Ladang;0;0;0;
Lampung Barat;2022;Padi Sawah;0;0;0;
Lampung Barat;2022;Ubijalar;7815.148358;323.4;241.6557934;
Lampung Barat;2022;Ubikayu / Ketela Pohon;3349.757162;127.2;263.3456888;
Lampung Barat;2023;Jagung;0;0;0;
Lampung Barat;2023;Kacang Hijau;0;0;0;
Lampung Barat;2023;Kacang Tamnah;0;0;0;
Lampung Barat;2023;Kedelai;0;0;0;
Lampung Barat;2023;Padi;70922.62;13513.57;52.48251942;
Lampung Barat;2023;Padi Ladang;0;0;0;
Lampung Barat;2023;Padi Sawah;0;0;0;
Lampung Barat;2023;Ubijalar;0;0;0;
Lampung Barat;2023;Ubikayu / Ketela Pohon;0;0;0;
Tanggamus;2017;Jagung;25854.96932;5071.9;50.97689094;
Tanggamus;2017;Kacang Hijau;0;39.7;0;
Tanggamus;2017;Kacang Tamnah;194.2716394;136;14.28467936;
Tanggamus;2017;Kedelai;992;737.4;13.45267155;
Tanggamus;2017;Padi;362873;65674.1;55.25359312;
Tanggamus;2017;Padi Ladang;0;0;0;
Tanggamus;2017;Padi Sawah;0;0;0;
Tanggamus;2017;Ubijalar;1904.593994;163;116.8462573;
Tanggamus;2017;Ubikayu / Ketela Pohon;6841.869;279;245.2282796;
Tanggamus;2018;Jagung;0;0;0;
Tanggamus;2018;Kacang Hijau;397;55.5;71.53153153;
Tanggamus;2018;Kacang Tamnah;193.937032;134;14.47291283;
Tanggamus;2018;Kedelai;2843.325479;2090.7;13.59987315;
Tanggamus;2018;Padi;155711.37;26666.26;58.39265424;
Tanggamus;2018;Padi Ladang;0;0;0;
Tanggamus;2018;Padi Sawah;0;0;0;
Tanggamus;2018;Ubijalar;3240.138477;147.9;219.0763;
Tanggamus;2018;Ubikayu / Ketela Pohon;5636.315945;238.9;235.9278336;
Tanggamus;2019;Jagung;0;0;0;
Tanggamus;2019;Kacang Hijau;72.8447;75.4;9.661100796;
Tanggamus;2019;Kacang Tamnah;286.1572527;190.9;14.98990323;
Tanggamus;2019;Kedelai;288;219.4;13.12670921;
Tanggamus;2019;Padi;121750.98;24437.96;49.82043509;
Tanggamus;2019;Padi Ladang;0;0;0;
Tanggamus;2019;Padi Sawah;0;0;0;
Tanggamus;2019;Ubijalar;2447.98918;164.9;148.4529521;
Tanggamus;2019;Ubikayu / Ketela Pohon;4696.049347;191;245.8664579;
Tanggamus;2020;Jagung;0;0;0;
Tanggamus;2020;Kacang Hijau;142;104;13.65384615;
Tanggamus;2020;Kacang Tamnah;218.9641576;138.9;15.76415822;
Tanggamus;2020;Kedelai;122.9783929;78.7;15.62622527;
Tanggamus;2020;Padi;148158.63;26905.17;55.06697412;
Tanggamus;2020;Padi Ladang;0;0;0;
Tanggamus;2020;Padi Sawah;0;0;0;
Tanggamus;2020;Ubijalar;1648.954901;108;152.6810094;
Tanggamus;2020;Ubikayu / Ketela Pohon;2949.516912;157;187.8673193;
Tanggamus;2021;Jagung;0;0;0;
Tanggamus;2021;Kacang Hijau;108.8;105;10.36190476;
Tanggamus;2021;Kacang Tamnah;178.110134;131.3;13.56512826;
Tanggamus;2021;Kedelai;279.344978;187.7;14.88252414;
Tanggamus;2021;Padi;123414.48;22572.24;54.67533572;
Tanggamus;2021;Padi Ladang;0;0;0;
Tanggamus;2021;Padi Sawah;0;0;0;
Tanggamus;2021;Ubijalar;1729.091368;111;155.7739972;
Tanggamus;2021;Ubikayu / Ketela Pohon;4058.214667;164.5;246.6999797;
Tanggamus;2022;Jagung;0;0;0;
Tanggamus;2022;Kacang Hijau;42.1;48.8;8.62704918;
Tanggamus;2022;Kacang Tamnah;138.6889035;98.7;14.05156064;
Tanggamus;2022;Kedelai;464.6287411;261.5;17.76782949;
Tanggamus;2022;Padi;128674.92;22563.4;57.02816065;
Tanggamus;2022;Padi Ladang;0;0;0;
Tanggamus;2022;Padi Sawah;0;0;0;
Tanggamus;2022;Ubijalar;1558.7056;108;144.3245926;
Tanggamus;2022;Ubikayu / Ketela Pohon;3966.697515;144.8;273.9431985;
Tanggamus;2023;Jagung;0;0;0;
Tanggamus;2023;Kacang Hijau;0;0;0;
Tanggamus;2023;Kacang Tamnah;0;0;0;
Tanggamus;2023;Kedelai;0;0;0;
Tanggamus;2023;Padi;147163.03;25430.89;57.86782531;
Tanggamus;2023;Padi Ladang;0;0;0;
Tanggamus;2023;Padi Sawah;0;0;0;
Tanggamus;2023;Ubijalar;0;0;0;
Tanggamus;2023;Ubikayu / Ketela Pohon;0;0;0;
Lampung Selatan;2017;Jagung;690784.5498;128034;53.95321163;
Lampung Selatan;2017;Kacang Hijau;0;108.2;0;
Lampung Selatan;2017;Kacang Tamnah;150.9927508;115.9;13.02784735;
Lampung Selatan;2017;Kedelai;511;391.7;13.04569824;
Lampung Selatan;2017;Padi;600393;114164.4;52.59021201;
Lampung Selatan;2017;Padi Ladang;0;0;0;
Lampung Selatan;2017;Padi Sawah;0;0;0;
Lampung Selatan;2017;Ubijalar;1205.919582;116.8;103.2465396;
Lampung Selatan;2017;Ubikayu / Ketela Pohon;97267.72317;4266.7;227.9694452;
Lampung Selatan;2018;Jagung;0;0;0;
Lampung Selatan;2018;Kacang Hijau;88;86.2;10.20881671;
Lampung Selatan;2018;Kacang Tamnah;170.3118986;120.5;14.13376752;
Lampung Selatan;2018;Kedelai;17358.65476;13076.4;13.2747964;
Lampung Selatan;2018;Padi;268374.79;48729.28;55.07464711;
Lampung Selatan;2018;Padi Ladang;0;0;0;
Lampung Selatan;2018;Padi Sawah;0;0;0;
Lampung Selatan;2018;Ubijalar;2202.644318;100.6;218.9507274;
Lampung Selatan;2018;Ubikayu / Ketela Pohon;99677.19497;4250.8;234.490437;
Lampung Selatan;2019;Jagung;0;0;0;
Lampung Selatan;2019;Kacang Hijau;79.8166;82.2;9.710048662;
Lampung Selatan;2019;Kacang Tamnah;200.9215469;247.5;8.118042298;
Lampung Selatan;2019;Kedelai;3307;2513.5;13.15695246;
Lampung Selatan;2019;Padi;265878.24;44070.05;60.33082331;
Lampung Selatan;2019;Padi Ladang;0;0;0;
Lampung Selatan;2019;Padi Sawah;0;0;0;
Lampung Selatan;2019;Ubijalar;1900.275904;96.8;196.3094942;
Lampung Selatan;2019;Ubikayu / Ketela Pohon;107031.1985;4342;246.5020694;
Lampung Selatan;2020;Jagung;0;0;0;
Lampung Selatan;2020;Kacang Hijau;62;66.6;9.309309309;
Lampung Selatan;2020;Kacang Tamnah;370.285932;256.5;14.43609871;
Lampung Selatan;2020;Kedelai;9.726178528;6;16.21029755;
Lampung Selatan;2020;Padi;311668.77;54761.95;56.91338055;
Lampung Selatan;2020;Padi Ladang;0;0;0;
Lampung Selatan;2020;Padi Sawah;0;0;0;
Lampung Selatan;2020;Ubijalar;1040.474079;66.7;155.9931153;
Lampung Selatan;2020;Ubikayu / Ketela Pohon;96294.87971;3618;266.155002;
Lampung Selatan;2021;Jagung;0;0;0;
Lampung Selatan;2021;Kacang Hijau;39;38.9;10.02570694;
Lampung Selatan;2021;Kacang Tamnah;208.6983282;166.8;12.51189018;
Lampung Selatan;2021;Kedelai;3.088133272;2;15.44066636;
Lampung Selatan;2021;Padi;330325.73;51178.22;64.54420064;
Lampung Selatan;2021;Padi Ladang;0;0;0;
Lampung Selatan;2021;Padi Sawah;0;0;0;
Lampung Selatan;2021;Ubijalar;1660.235577;86.9;191.0512747;
Lampung Selatan;2021;Ubikayu / Ketela Pohon;86325.2466;2863;301.5202466;
Lampung Selatan;2022;Jagung;0;0;0;
Lampung Selatan;2022;Kacang Hijau;34;33.8;10.0591716;
Lampung Selatan;2022;Kacang Tamnah;131.5621283;91.7;14.34701508;
Lampung Selatan;2022;Kedelai;89.9770338;57.7;15.59394;
Lampung Selatan;2022;Padi;339941.87;56393.41;60.28042461;
Lampung Selatan;2022;Padi Ladang;0;0;0;
Lampung Selatan;2022;Padi Sawah;0;0;0;
Lampung Selatan;2022;Ubijalar;943.9338511;51;185.0850688;
Lampung Selatan;2022;Ubikayu / Ketela Pohon;77158.03316;2492.9;309.5111443;
Lampung Selatan;2023;Jagung;0;0;0;
Lampung Selatan;2023;Kacang Hijau;0;0;0;
Lampung Selatan;2023;Kacang Tamnah;0;0;0;
Lampung Selatan;2023;Kedelai;0;0;0;
Lampung Selatan;2023;Padi;294548.78;52334.35;56.28211299;
Lampung Selatan;2023;Padi Ladang;0;0;0;
Lampung Selatan;2023;Padi Sawah;0;0;0;
Lampung Selatan;2023;Ubijalar;0;0;#DIV/0!;
Lampung Selatan;2023;Ubikayu / Ketela Pohon;0;0;#DIV/0!;
Lampung Timur;2017;Jagung;735742.8421;141878.7;51.85717392;
Lampung Timur;2017;Kacang Hijau;0;369.5;0;
Lampung Timur;2017;Kacang Tamnah;801.9379245;619.4;12.94701202;
Lampung Timur;2017;Kedelai;3293;2314.5;14.22769497;
Lampung Timur;2017;Padi;667730;128979.3;51.77032283;
Lampung Timur;2017;Padi Ladang;0;0;0;
Lampung Timur;2017;Padi Sawah;0;0;0;
Lampung Timur;2017;Ubijalar;3280.547075;307.8;106.5804768;
Lampung Timur;2017;Ubikayu / Ketela Pohon;1184497.017;42994.1;275.5022239;
Lampung Timur;2018;Jagung;0;0;0;
Lampung Timur;2018;Kacang Hijau;419;299.5;13.98998331;
Lampung Timur;2018;Kacang Tamnah;585.4919796;445;13.15712314;
Lampung Timur;2018;Kedelai;12083.04816;9456.4;12.77764071;
Lampung Timur;2018;Padi;441855.33;99903.34;44.22828406;
Lampung Timur;2018;Padi Ladang;0;0;0;
Lampung Timur;2018;Padi Sawah;0;0;0;
Lampung Timur;2018;Ubijalar;5602.970294;252.2;222.1637706;
Lampung Timur;2018;Ubikayu / Ketela Pohon;933243.4417;35927.1;259.760304;
Lampung Timur;2019;Jagung;0;0;0;
Lampung Timur;2019;Kacang Hijau;299.4014;312.3;9.586980467;
Lampung Timur;2019;Kacang Tamnah;620.645534;450.8;13.76764716;
Lampung Timur;2019;Kedelai;1642;1254.6;13.08783676;
Lampung Timur;2019;Padi;355113.03;80699.48;44.00437648;
Lampung Timur;2019;Padi Ladang;0;0;0;
Lampung Timur;2019;Padi Sawah;0;0;0;
Lampung Timur;2019;Ubijalar;5108.447641;244.3;209.1055113;
Lampung Timur;2019;Ubikayu / Ketela Pohon;986883.3611;30776;320.6665457;
Lampung Timur;2020;Jagung;0;0;0;
Lampung Timur;2020;Kacang Hijau;61;265.7;2.295822356;
Lampung Timur;2020;Kacang Tamnah;680.2868283;462.9;14.69619417;
Lampung Timur;2020;Kedelai;20.59398457;12.6;16.3444322;
Lampung Timur;2020;Padi;459300.61;94847.31;48.42526478;
Lampung Timur;2020;Padi Ladang;0;0;0;
Lampung Timur;2020;Padi Sawah;0;0;0;
Lampung Timur;2020;Ubijalar;5712.07876;359.4;158.933744;
Lampung Timur;2020;Ubikayu / Ketela Pohon;739686.3856;25453.1;290.6075824;
Lampung Timur;2021;Jagung;0;0;0;
Lampung Timur;2021;Kacang Hijau;333.2;368.1;9.051888074;
Lampung Timur;2021;Kacang Tamnah;677.3470208;619.1;10.9408338;
Lampung Timur;2021;Kedelai;15.63219144;10.7;14.60952471;
Lampung Timur;2021;Padi;397374.49;83568.7;47.55063678;
Lampung Timur;2021;Padi Ladang;0;0;0;
Lampung Timur;2021;Padi Sawah;0;0;0;
Lampung Timur;2021;Ubijalar;6713.551864;352.6;190.4013575;
Lampung Timur;2021;Ubikayu / Ketela Pohon;934057.9572;29907.9;312.3114486;
Lampung Timur;2022;Jagung;0;0;0;
Lampung Timur;2022;Kacang Hijau;196.1;200.8;9.765936255;
Lampung Timur;2022;Kacang Tamnah;381.0323027;269.6;14.13324565;
Lampung Timur;2022;Kedelai;31.267584;20;15.633792;
Lampung Timur;2022;Padi;449294.9;91718.06;48.98652457;
Lampung Timur;2022;Padi Ladang;0;0;0;
Lampung Timur;2022;Padi Sawah;0;0;0;
Lampung Timur;2022;Ubijalar;4144.616292;230.5;179.8098174;
Lampung Timur;2022;Ubikayu / Ketela Pohon;1313546.502;40955.9;320.7221674;
Lampung Timur;2023;Jagung;0;0;0;
Lampung Timur;2023;Kacang Hijau;0;0;0;
Lampung Timur;2023;Kacang Tamnah;0;0;0;
Lampung Timur;2023;Kedelai;0;0;0;
Lampung Timur;2023;Padi;475668.41;94070.36;50.56517377;
Lampung Timur;2023;Padi Ladang;0;0;0;
Lampung Timur;2023;Padi Sawah;0;0;0;
Lampung Timur;2023;Ubijalar;0;0;0;
Lampung Timur;2023;Ubikayu / Ketela Pohon;0;0;0;
Lampung Tengah;2017;Jagung;426966.407;78106.3;54.66478466;
Lampung Tengah;2017;Kacang Hijau;0;205.7;0;
Lampung Tengah;2017;Kacang Tamnah;865.6747279;595.4;14.53938072;
Lampung Tengah;2017;Kedelai;75;55.2;13.58695652;
Lampung Tengah;2017;Padi;775926;153558.3;50.52973366;
Lampung Tengah;2017;Padi Ladang;0;0;0;
Lampung Tengah;2017;Padi Sawah;0;0;0;
Lampung Tengah;2017;Ubijalar;1653.370112;159.8;103.4649632;
Lampung Tengah;2017;Ubikayu / Ketela Pohon;1317660.257;53805.3;244.8941382;
Lampung Tengah;2018;Jagung;0;0;0;
Lampung Tengah;2018;Kacang Hijau;164;164.7;9.957498482;
Lampung Tengah;2018;Kacang Tamnah;632.0983738;484.5;13.04640606;
Lampung Tengah;2018;Kedelai;14578.89479;10836.2;13.45388124;
Lampung Tengah;2018;Padi;525372.11;114756.51;45.7814646;
Lampung Tengah;2018;Padi Ladang;0;0;0;
Lampung Tengah;2018;Padi Sawah;0;0;0;
Lampung Tengah;2018;Ubijalar;2310.709951;106.4;217.1719879;
Lampung Tengah;2018;Ubikayu / Ketela Pohon;1464542.679;64560.1;226.849506;
Lampung Tengah;2019;Jagung;0;0;0;
Lampung Tengah;2019;Kacang Hijau;141.8301;147.7;9.602579553;
Lampung Tengah;2019;Kacang Tamnah;601.6188579;415;14.49683995;
Lampung Tengah;2019;Kedelai;2725;2068.9;13.17125042;
Lampung Tengah;2019;Padi;455234.05;98254.4;46.33217953;
Lampung Tengah;2019;Padi Ladang;0;0;0;
Lampung Tengah;2019;Padi Sawah;0;0;0;
Lampung Tengah;2019;Ubijalar;1452.617248;78.1;185.9945259;
Lampung Tengah;2019;Ubikayu / Ketela Pohon;1580277.808;61179.6;258.3014285;
Lampung Tengah;2020;Jagung;0;0;0;
Lampung Tengah;2020;Kacang Hijau;61;120;5.083333333;
Lampung Tengah;2020;Kacang Tamnah;471.0459156;297.7;15.82283895;
Lampung Tengah;2020;Kedelai;0;0;0;
Lampung Tengah;2020;Padi;599111.2;113890.72;52.60404008;
Lampung Tengah;2020;Padi Ladang;0;0;0;
Lampung Tengah;2020;Padi Sawah;0;0;0;
Lampung Tengah;2020;Ubijalar;2440.863928;156;156.4656364;
Lampung Tengah;2020;Ubikayu / Ketela Pohon;2095056.386;77110.7;271.6946398;
Lampung Tengah;2021;Jagung;0;0;0;
Lampung Tengah;2021;Kacang Hijau;236.5;259.8;9.103156274;
Lampung Tengah;2021;Kacang Tamnah;413.7348267;286.9;14.42087231;
Lampung Tengah;2021;Kedelai;77.5573056;53.4;14.52384;
Lampung Tengah;2021;Padi;489447.65;100290.55;48.80296798;
Lampung Tengah;2021;Padi Ladang;0;0;0;
Lampung Tengah;2021;Padi Sawah;0;0;0;
Lampung Tengah;2021;Ubijalar;1831.906785;87.9;208.4080529;
Lampung Tengah;2021;Ubikayu / Ketela Pohon;2208519.476;77038.1;286.6788609;
Lampung Tengah;2022;Jagung;0;0;0;
Lampung Tengah;2022;Kacang Hijau;129.1;135.1;9.55588453;
Lampung Tengah;2022;Kacang Tamnah;462.5036997;333.5;13.8681769;
Lampung Tengah;2022;Kedelai;177.88752;100;17.788752;
Lampung Tengah;2022;Padi;566601.47;101612.69;55.7608966;
Lampung Tengah;2022;Padi Ladang;0;0;0;
Lampung Tengah;2022;Padi Sawah;0;0;0;
Lampung Tengah;2022;Ubijalar;1757.527179;117.5;149.5767812;
Lampung Tengah;2022;Ubikayu / Ketela Pohon;3180332.453;100477.9;316.5205934;
Lampung Tengah;2023;Jagung;0;0;0;
Lampung Tengah;2023;Kacang Hijau;0;0;0;
Lampung Tengah;2023;Kacang Tamnah;0;0;0;
Lampung Tengah;2023;Kedelai;0;0;0;
Lampung Tengah;2023;Padi;608009.47;108129.91;56.2295363;
Lampung Tengah;2023;Padi Ladang;0;0;0;
Lampung Tengah;2023;Padi Sawah;0;0;0;
Lampung Tengah;2023;Ubijalar;0;0;0;
Lampung Tengah;2023;Ubikayu / Ketela Pohon;0;0;0;
Lampung Utara;2017;Jagung;206253.1782;40629.4;50.76451491;
Lampung Utara;2017;Kacang Hijau;0;91.9;0;
Lampung Utara;2017;Kacang Tamnah;336.7092402;274.9;12.24842635;
Lampung Utara;2017;Kedelai;216;162;13.33333333;
Lampung Utara;2017;Padi;250895;52582;47.71499753;
Lampung Utara;2017;Padi Ladang;0;0;0;
Lampung Utara;2017;Padi Sawah;0;0;0;
Lampung Utara;2017;Ubijalar;2165.176261;217;99.77770787;
Lampung Utara;2017;Ubikayu / Ketela Pohon;1279623.173;45374.2;282.0155889;
Lampung Utara;2018;Jagung;0;0;0;
Lampung Utara;2018;Kacang Hijau;112;120;9.333333333;
Lampung Utara;2018;Kacang Tamnah;327.469184;292.5;11.19552766;
Lampung Utara;2018;Kedelai;4471.581695;3484;12.83462025;
Lampung Utara;2018;Padi;83364.18;19277.16;43.24505269;
Lampung Utara;2018;Padi Ladang;0;0;0;
Lampung Utara;2018;Padi Sawah;0;0;0;
Lampung Utara;2018;Ubijalar;3965.870538;180.9;219.2299911;
Lampung Utara;2018;Ubikayu / Ketela Pohon;1244602.034;47597.3;261.4858477;
Lampung Utara;2019;Jagung;0;0;0;
Lampung Utara;2019;Kacang Hijau;90.132;94;9.588510638;
Lampung Utara;2019;Kacang Tamnah;135;330.9;4.079782412;
Lampung Utara;2019;Kedelai;5;4;12.5;
Lampung Utara;2019;Padi;61822.68;15080.38;40.99543911;
Lampung Utara;2019;Padi Ladang;0;0;0;
Lampung Utara;2019;Padi Sawah;0;0;0;
Lampung Utara;2019;Ubijalar;2970.466248;138;215.2511774;
Lampung Utara;2019;Ubikayu / Ketela Pohon;982731.3756;39440.6;249.1674507;
Lampung Utara;2020;Jagung;0;0;0;
Lampung Utara;2020;Kacang Hijau;158.2;176.7;8.953027731;
Lampung Utara;2020;Kacang Tamnah;606.7068489;411.1;14.75813303;
Lampung Utara;2020;Kedelai;1.440464518;1;14.40464518;
Lampung Utara;2020;Padi;75751.91;17133.37;44.21308242;
Lampung Utara;2020;Padi Ladang;0;0;0;
Lampung Utara;2020;Padi Sawah;0;0;0;
Lampung Utara;2020;Ubijalar;3422.454237;214.7;159.4063455;
Lampung Utara;2020;Ubikayu / Ketela Pohon;1055578.559;39768.8;265.4288184;
Lampung Utara;2021;Jagung;0;0;0;
Lampung Utara;2021;Kacang Hijau;39.2;77;5.090909091;
Lampung Utara;2021;Kacang Tamnah;529.9227307;345.2;15.35117992;
Lampung Utara;2021;Kedelai;0;0;0;
Lampung Utara;2021;Padi;74260.22;16940.92;43.83482125;
Lampung Utara;2021;Padi Ladang;0;0;0;
Lampung Utara;2021;Padi Sawah;0;0;0;
Lampung Utara;2021;Ubijalar;2824.199459;138.5;203.9133183;
Lampung Utara;2021;Ubikayu / Ketela Pohon;1039335.395;39425.6;263.6194237;
Lampung Utara;2022;Jagung;0;0;0;
Lampung Utara;2022;Kacang Hijau;37.7;47.2;7.987288136;
Lampung Utara;2022;Kacang Tamnah;321.0482718;219.6;14.61968451;
Lampung Utara;2022;Kedelai;14.84926848;7.4;20.06657903;
Lampung Utara;2022;Padi;63452.76;13705.47;46.29739805;
Lampung Utara;2022;Padi Ladang;0;0;0;
Lampung Utara;2022;Padi Sawah;0;0;0;
Lampung Utara;2022;Ubijalar;1827.077893;107.4;170.1189844;
Lampung Utara;2022;Ubikayu / Ketela Pohon;913545.3782;37347.7;244.6055254;
Lampung Utara;2023;Jagung;0;0;0;
Lampung Utara;2023;Kacang Hijau;0;0;0;
Lampung Utara;2023;Kacang Tamnah;0;0;0;
Lampung Utara;2023;Kedelai;0;0;0;
Lampung Utara;2023;Padi;72390.72;17834.92;40.58931579;
Lampung Utara;2023;Padi Ladang;0;0;0;
Lampung Utara;2023;Padi Sawah;0;0;0;
Lampung Utara;2023;Ubijalar;0;0;0;
Lampung Utara;2023;Ubikayu / Ketela Pohon;0;0;0;
Way Kanan;2017;Jagung;139718.8498;28883.3;48.37357566;
Way Kanan;2017;Kacang Hijau;0;146;0;
Way Kanan;2017;Kacang Tamnah;954.1898207;676.4;14.10688676;
Way Kanan;2017;Kedelai;24;17;14.11764706;
Way Kanan;2017;Padi;231517;45167.1;51.25788461;
Way Kanan;2017;Padi Ladang;0;0;0;
Way Kanan;2017;Padi Sawah;0;0;0;
Way Kanan;2017;Ubijalar;1330.030067;133.8;99.40433984;
Way Kanan;2017;Ubikayu / Ketela Pohon;295811.4299;10087.9;293.2339039;
Way Kanan;2018;Jagung;0;0;0;
Way Kanan;2018;Kacang Hijau;87;101;8.613861386;
Way Kanan;2018;Kacang Tamnah;449.8242144;335.5;13.40757718;
Way Kanan;2018;Kedelai;5870.673888;4835;12.14203493;
Way Kanan;2018;Padi;95255.86;19121.79;49.81534679;
Way Kanan;2018;Padi Ladang;0;0;0;
Way Kanan;2018;Padi Sawah;0;0;0;
Way Kanan;2018;Ubijalar;2055.811179;94;218.703317;
Way Kanan;2018;Ubikayu / Ketela Pohon;221178.8961;9414;234.9467772;
Way Kanan;2019;Jagung;0;0;0;
Way Kanan;2019;Kacang Hijau;33.6426;34.7;9.695273775;
Way Kanan;2019;Kacang Tamnah;300;234.2;12.80956447;
Way Kanan;2019;Kedelai;605;459;13.18082789;
Way Kanan;2019;Padi;59419.44;17586.18;33.78757638;
Way Kanan;2019;Padi Ladang;0;0;0;
Way Kanan;2019;Padi Sawah;0;0;0;
Way Kanan;2019;Ubijalar;953.1414935;44;216.6230667;
Way Kanan;2019;Ubikayu / Ketela Pohon;225019.5226;10870;207.0096804;
Way Kanan;2020;Jagung;0;0;0;
Way Kanan;2020;Kacang Hijau;30;39;7.692307692;
Way Kanan;2020;Kacang Tamnah;468.1619815;312.9;14.96203201;
Way Kanan;2020;Kedelai;0;0;0;
Way Kanan;2020;Padi;78824.55;17766.75;44.36633036;
Way Kanan;2020;Padi Ladang;0;0;0;
Way Kanan;2020;Padi Sawah;0;0;0;
Way Kanan;2020;Ubijalar;1257.800228;79.8;157.6190761;
Way Kanan;2020;Ubikayu / Ketela Pohon;406258.3919;17310;234.6957781;
Way Kanan;2021;Jagung;0;0;0;
Way Kanan;2021;Kacang Hijau;32.7;54;6.055555556;
Way Kanan;2021;Kacang Tamnah;151.37024;116.5;12.99315365;
Way Kanan;2021;Kedelai;122.4359712;84.3;14.52384;
Way Kanan;2021;Padi;82234.55;17403.59;47.25148662;
Way Kanan;2021;Padi Ladang;0;0;0;
Way Kanan;2021;Padi Sawah;0;0;0;
Way Kanan;2021;Ubijalar;1214.495412;63;192.7770495;
Way Kanan;2021;Ubikayu / Ketela Pohon;507983.4317;18627;272.7134974;
Way Kanan;2022;Jagung;0;0;0;
Way Kanan;2022;Kacang Hijau;7;6.8;10.29411765;
Way Kanan;2022;Kacang Tamnah;122.3814035;74;16.5380275;
Way Kanan;2022;Kedelai;762.9144077;495.4;15.39996786;
Way Kanan;2022;Padi;100985.27;21224.06;47.58056187;
Way Kanan;2022;Padi Ladang;0;0;0;
Way Kanan;2022;Padi Sawah;0;0;0;
Way Kanan;2022;Ubijalar;557.6187832;30;185.8729277;
Way Kanan;2022;Ubikayu / Ketela Pohon;385968.2477;16020;240.9289935;
Way Kanan;2023;Jagung;0;0;0;
Way Kanan;2023;Kacang Hijau;0;0;0;
Way Kanan;2023;Kacang Tamnah;0;0;0;
Way Kanan;2023;Kedelai;0;0;0;
Way Kanan;2023;Padi;84631.42;18720.83;45.20708751;
Way Kanan;2023;Padi Ladang;0;0;0;
Way Kanan;2023;Padi Sawah;0;0;0;
Way Kanan;2023;Ubijalar;0;0;0;
Way Kanan;2023;Ubikayu / Ketela Pohon;0;0;0;
Tulang Bawang;2017;Jagung;40589.8894;8603;47.1810873;
Tulang Bawang;2017;Kacang Hijau;0;60;0;
Tulang Bawang;2017;Kacang Tamnah;149.9116005;119;12.59761349;
Tulang Bawang;2017;Kedelai;44;37;11.89189189;
Tulang Bawang;2017;Padi;329439;73415.1;44.87346609;
Tulang Bawang;2017;Padi Ladang;0;0;0;
Tulang Bawang;2017;Padi Sawah;0;0;0;
Tulang Bawang;2017;Ubijalar;2124.04406;204;104.1198069;
Tulang Bawang;2017;Ubikayu / Ketela Pohon;504387.0128;19504;258.606959;
Tulang Bawang;2018;Jagung;0;0;0;
Tulang Bawang;2018;Kacang Hijau;89;86;10.34883721;
Tulang Bawang;2018;Kacang Tamnah;198.6466787;137;14.49975757;
Tulang Bawang;2018;Kedelai;600.1931315;489;12.27388817;
Tulang Bawang;2018;Padi;194593.04;43681.36;44.54830161;
Tulang Bawang;2018;Padi Ladang;0;0;0;
Tulang Bawang;2018;Padi Sawah;0;0;0;
Tulang Bawang;2018;Ubijalar;3196.749272;146;218.9554296;
Tulang Bawang;2018;Ubikayu / Ketela Pohon;439098.4131;21035.8;208.7386328;
Tulang Bawang;2019;Jagung;0;0;0;
Tulang Bawang;2019;Kacang Hijau;65.814;68;9.678529412;
Tulang Bawang;2019;Kacang Tamnah;129.4585842;99;13.07662466;
Tulang Bawang;2019;Kedelai;295;225;13.11111111;
Tulang Bawang;2019;Padi;217894.34;51559.24;42.26096816;
Tulang Bawang;2019;Padi Ladang;0;0;0;
Tulang Bawang;2019;Padi Sawah;0;0;0;
Tulang Bawang;2019;Ubijalar;1952.334716;93;209.928464;
Tulang Bawang;2019;Ubikayu / Ketela Pohon;465959.3924;21572.9;215.9929321;
Tulang Bawang;2020;Jagung;0;0;0;
Tulang Bawang;2020;Kacang Hijau;38.9;58;6.706896552;
Tulang Bawang;2020;Kacang Tamnah;202.2038732;135;14.97806468;
Tulang Bawang;2020;Kedelai;278.8368694;175;15.93353539;
Tulang Bawang;2020;Padi;215987.34;55881.56;38.65091454;
Tulang Bawang;2020;Padi Ladang;0;0;0;
Tulang Bawang;2020;Padi Sawah;0;0;0;
Tulang Bawang;2020;Ubijalar;1809.534299;115;157.3508086;
Tulang Bawang;2020;Ubikayu / Ketela Pohon;692874.6552;26675.4;259.7429299;
Tulang Bawang;2021;Jagung;0;0;0;
Tulang Bawang;2021;Kacang Hijau;88;90;9.777777778;
Tulang Bawang;2021;Kacang Tamnah;193.65792;150;12.910528;
Tulang Bawang;2021;Kedelai;163.9845285;112;14.64147576;
Tulang Bawang;2021;Padi;232508.52;52601.29;44.20205664;
Tulang Bawang;2021;Padi Ladang;0;0;0;
Tulang Bawang;2021;Padi Sawah;0;0;0;
Tulang Bawang;2021;Ubijalar;2183.726385;112;194.9755701;
Tulang Bawang;2021;Ubikayu / Ketela Pohon;577999.1852;27410.3;210.8693393;
Tulang Bawang;2022;Jagung;0;0;0;
Tulang Bawang;2022;Kacang Hijau;47.4;38;12.47368421;
Tulang Bawang;2022;Kacang Tamnah;170.9466874;119;14.36526785;
Tulang Bawang;2022;Kedelai;4.678182;3;15.59394;
Tulang Bawang;2022;Padi;268323.74;65510.84;40.95867798;
Tulang Bawang;2022;Padi Ladang;0;0;0;
Tulang Bawang;2022;Padi Sawah;0;0;0;
Tulang Bawang;2022;Ubijalar;1139.346436;64;178.0228805;
Tulang Bawang;2022;Ubikayu / Ketela Pohon;663243.9658;28365.8;233.8181775;
Tulang Bawang;2023;Jagung;0;0;0;
Tulang Bawang;2023;Kacang Hijau;0;0;0;
Tulang Bawang;2023;Kacang Tamnah;0;0;0;
Tulang Bawang;2023;Kedelai;0;0;0;
Tulang Bawang;2023;Padi;319193.91;72025.12;44.31702578;
Tulang Bawang;2023;Padi Ladang;0;0;0;
Tulang Bawang;2023;Padi Sawah;0;0;0;
Tulang Bawang;2023;Ubijalar;0;0;0;
Tulang Bawang;2023;Ubikayu / Ketela Pohon;0;0;0;
Pesawaran;2017;Jagung;118582.71;24486;48.42877971;
Pesawaran;2017;Kacang Hijau;0;153;0;
Pesawaran;2017;Kacang Tamnah;174.7731974;113;15.46665464;
Pesawaran;2017;Kedelai;1301;1013;12.84304047;
Pesawaran;2017;Padi;215953;39995.1;53.99486437;
Pesawaran;2017;Padi Ladang;0;0;0;
Pesawaran;2017;Padi Sawah;0;0;0;
Pesawaran;2017;Ubijalar;1079.553255;102;105.8385544;
Pesawaran;2017;Ubikayu / Ketela Pohon;49508.98267;2570;192.6419559;
Pesawaran;2018;Jagung;0;0;0;
Pesawaran;2018;Kacang Hijau;19;19;10;
Pesawaran;2018;Kacang Tamnah;116.4447847;81;14.37589934;
Pesawaran;2018;Kedelai;4598.19264;3298;13.94236701;
Pesawaran;2018;Padi;134478.34;24396.52;55.12193542;
Pesawaran;2018;Padi Ladang;0;0;0;
Pesawaran;2018;Padi Sawah;0;0;0;
Pesawaran;2018;Ubijalar;633.008359;29;218.2787445;
Pesawaran;2018;Ubikayu / Ketela Pohon;16769.96628;695;241.2944788;
Pesawaran;2019;Jagung;0;0;0;
Pesawaran;2019;Kacang Hijau;108.557;109;9.959357798;
Pesawaran;2019;Kacang Tamnah;160.0786122;128.5;12.45747955;
Pesawaran;2019;Kedelai;550;416;13.22115385;
Pesawaran;2019;Padi;111281.36;20564.75;54.11267339;
Pesawaran;2019;Padi Ladang;0;0;0;
Pesawaran;2019;Padi Sawah;0;0;0;
Pesawaran;2019;Ubijalar;1700.719127;107;158.9457128;
Pesawaran;2019;Ubikayu / Ketela Pohon;143786.9149;4339;331.3826109;
Pesawaran;2020;Jagung;0;0;0;
Pesawaran;2020;Kacang Hijau;84.3;68;12.39705882;
Pesawaran;2020;Kacang Tamnah;131.5447029;115.5;11.38915176;
Pesawaran;2020;Kedelai;3.037385659;2;15.1869283;
Pesawaran;2020;Padi;113206.52;22068.41;51.29799564;
Pesawaran;2020;Padi Ladang;0;0;0;
Pesawaran;2020;Padi Sawah;0;0;0;
Pesawaran;2020;Ubijalar;2507.369669;153.5;163.3465582;
Pesawaran;2020;Ubikayu / Ketela Pohon;97483.73446;3012;323.6511768;
Pesawaran;2021;Jagung;0;0;0;
Pesawaran;2021;Kacang Hijau;284.2;258;11.01550388;
Pesawaran;2021;Kacang Tamnah;236.8512;216;10.96533333;
Pesawaran;2021;Kedelai;0;0;0;
Pesawaran;2021;Padi;113402.71;21260.36;53.33997637;
Pesawaran;2021;Padi Ladang;0;0;0;
Pesawaran;2021;Padi Sawah;0;0;0;
Pesawaran;2021;Ubijalar;2263.488212;118.8;190.5293108;
Pesawaran;2021;Ubikayu / Ketela Pohon;92914.62678;2476;375.2610129;
Pesawaran;2022;Jagung;0;0;0;
Pesawaran;2022;Kacang Hijau;141.6;130.2;10.87557604;
Pesawaran;2022;Kacang Tamnah;176.4073945;154.9;11.38846962;
Pesawaran;2022;Kedelai;179.0069184;114.5;15.633792;
Pesawaran;2022;Padi;130558.89;23359.64;55.89079712;
Pesawaran;2022;Padi Ladang;0;0;0;
Pesawaran;2022;Padi Sawah;0;0;0;
Pesawaran;2022;Ubijalar;1414.949477;74.2;190.6939996;
Pesawaran;2022;Ubikayu / Ketela Pohon;68551.00359;1688.5;405.9875842;
Pesawaran;2023;Jagung;0;0;0;
Pesawaran;2023;Kacang Hijau;0;0;0;
Pesawaran;2023;Kacang Tamnah;0;0;0;
Pesawaran;2023;Kedelai;0;0;0;
Pesawaran;2023;Padi;121692.61;23009.98;52.88688213;
Pesawaran;2023;Padi Ladang;0;0;0;
Pesawaran;2023;Padi Sawah;0;0;0;
Pesawaran;2023;Ubijalar;0;0;0;
Pesawaran;2023;Ubikayu / Ketela Pohon;0;0;0;
Mesuji;2017;Jagung;24177.00082;5117.1;47.24746598;
Mesuji;2017;Kacang Hijau;0;13;0;
Mesuji;2017;Kacang Tamnah;74.77996229;57;13.11929163;
Mesuji;2017;Kedelai;494;430.4;11.47769517;
Mesuji;2017;Padi;277215;63486.4;43.66525744;
Mesuji;2017;Padi Ladang;0;0;0;
Mesuji;2017;Padi Sawah;0;0;0;
Mesuji;2017;Ubijalar;472.3594778;48;98.40822453;
Mesuji;2017;Ubikayu / Ketela Pohon;18947.92106;732;258.8513806;
Mesuji;2018;Jagung;0;0;0;
Mesuji;2018;Kacang Hijau;6;6;10;
Mesuji;2018;Kacang Tamnah;6.45888;6;10.7648;
Mesuji;2018;Kedelai;1470.356721;1082;13.58924881;
Mesuji;2018;Padi;228265.9;44556.79;51.23032876;
Mesuji;2018;Padi Ladang;0;0;0;
Mesuji;2018;Padi Sawah;0;0;0;
Mesuji;2018;Ubijalar;577.0898872;28;206.1035311;
Mesuji;2018;Ubikayu / Ketela Pohon;31727.77248;1720;184.4637935;
Mesuji;2019;Jagung;0;0;0;
Mesuji;2019;Kacang Hijau;2.784;3;9.28;
Mesuji;2019;Kacang Tamnah;0;0;0;
Mesuji;2019;Kedelai;2;2;10;
Mesuji;2019;Padi;246840.77;56247.52;43.88473838;
Mesuji;2019;Padi Ladang;0;0;0;
Mesuji;2019;Padi Sawah;0;0;0;
Mesuji;2019;Ubijalar;0;0;0;
Mesuji;2019;Ubikayu / Ketela Pohon;24598.94803;1051;234.0527881;
Mesuji;2020;Jagung;0;0;0;
Mesuji;2020;Kacang Hijau;8.4;9;9.333333333;
Mesuji;2020;Kacang Tamnah;12.23094857;9;13.58994286;
Mesuji;2020;Kedelai;0;0;0;
Mesuji;2020;Padi;325509.23;78479.45;41.47700194;
Mesuji;2020;Padi Ladang;0;0;0;
Mesuji;2020;Padi Sawah;0;0;0;
Mesuji;2020;Ubijalar;0;0;0;
Mesuji;2020;Ubikayu / Ketela Pohon;33279.20155;1526;218.0812683;
Mesuji;2021;Jagung;0;0;0;
Mesuji;2021;Kacang Hijau;8.3;9;9.222222222;
Mesuji;2021;Kacang Tamnah;8.20736;6;13.67893333;
Mesuji;2021;Kedelai;97.309728;67;14.52384;
Mesuji;2021;Padi;336767.8;65020.17;51.79435858;
Mesuji;2021;Padi Ladang;0;0;0;
Mesuji;2021;Padi Sawah;0;0;0;
Mesuji;2021;Ubijalar;227.9475385;12;189.9562821;
Mesuji;2021;Ubikayu / Ketela Pohon;38662.944;1709;226.2313868;
Mesuji;2022;Jagung;0;0;0;
Mesuji;2022;Kacang Hijau;0;0;0;
Mesuji;2022;Kacang Tamnah;0;0;0;
Mesuji;2022;Kedelai;72.6924096;43;16.90521153;
Mesuji;2022;Padi;296934.72;57654.9;51.50207875;
Mesuji;2022;Padi Ladang;0;0;0;
Mesuji;2022;Padi Sawah;0;0;0;
Mesuji;2022;Ubijalar;0;0;0;
Mesuji;2022;Ubikayu / Ketela Pohon;62730.90985;2206;284.3649585;
Mesuji;2023;Jagung;0;0;0;
Mesuji;2023;Kacang Hijau;0;0;0;
Mesuji;2023;Kacang Tamnah;0;0;0;
Mesuji;2023;Kedelai;0;0;0;
Mesuji;2023;Padi;296526.82;56726.11;52.27342753;
Mesuji;2023;Padi Ladang;0;0;0;
Mesuji;2023;Padi Sawah;0;0;0;
Mesuji;2023;Ubijalar;0;0;0;
Mesuji;2023;Ubikayu / Ketela Pohon;0;0;0;
Tulang Bawang Barat;2017;Jagung;30488.28967;6687.9;45.58723915;
Tulang Bawang Barat;2017;Kacang Hijau;0;27;0;
Tulang Bawang Barat;2017;Kacang Tamnah;227.6723598;162.8;13.98478869;
Tulang Bawang Barat;2017;Kedelai;0;0;0;
Tulang Bawang Barat;2017;Padi;113636;22477.9;50.55454469;
Tulang Bawang Barat;2017;Padi Ladang;0;0;0;
Tulang Bawang Barat;2017;Padi Sawah;0;0;0;
Tulang Bawang Barat;2017;Ubijalar;1335.866414;126.8;105.3522409;
Tulang Bawang Barat;2017;Ubikayu / Ketela Pohon;682708.2082;28453.2;239.9407477;
Tulang Bawang Barat;2018;Jagung;0;0;0;
Tulang Bawang Barat;2018;Kacang Hijau;11;14;7.857142857;
Tulang Bawang Barat;2018;Kacang Tamnah;135.8992046;100;13.58992046;
Tulang Bawang Barat;2018;Kedelai;3375.340224;2504;13.47979323;
Tulang Bawang Barat;2018;Padi;43391.57;11543.67;37.58905963;
Tulang Bawang Barat;2018;Padi Ladang;0;0;0;
Tulang Bawang Barat;2018;Padi Sawah;0;0;0;
Tulang Bawang Barat;2018;Ubijalar;556.4888;43;129.416;
Tulang Bawang Barat;2018;Ubikayu / Ketela Pohon;526037.3036;24854.8;211.6441507;
Tulang Bawang Barat;2019;Jagung;0;0;0;
Tulang Bawang Barat;2019;Kacang Hijau;5.898;6;9.83;
Tulang Bawang Barat;2019;Kacang Tamnah;77;53.5;14.39252336;
Tulang Bawang Barat;2019;Kedelai;1022;776.5;13.16162267;
Tulang Bawang Barat;2019;Padi;30670.11;6071.41;50.51562981;
Tulang Bawang Barat;2019;Padi Ladang;0;0;0;
Tulang Bawang Barat;2019;Padi Sawah;0;0;0;
Tulang Bawang Barat;2019;Ubijalar;724.8031444;35;207.0866127;
Tulang Bawang Barat;2019;Ubikayu / Ketela Pohon;534975.5234;24506.5;218.2994403;
Tulang Bawang Barat;2020;Jagung;0;0;0;
Tulang Bawang Barat;2020;Kacang Hijau;28.5;34.7;8.213256484;
Tulang Bawang Barat;2020;Kacang Tamnah;489.2098538;338.4;14.45655596;
Tulang Bawang Barat;2020;Kedelai;0;0;0;
Tulang Bawang Barat;2020;Padi;30361.02;6360.79;47.73152391;
Tulang Bawang Barat;2020;Padi Ladang;0;0;0;
Tulang Bawang Barat;2020;Padi Sawah;0;0;0;
Tulang Bawang Barat;2020;Ubijalar;628.8596678;41;153.3804068;
Tulang Bawang Barat;2020;Ubikayu / Ketela Pohon;603443.5718;26159.8;230.6759118;
Tulang Bawang Barat;2021;Jagung;0;0;0;
Tulang Bawang Barat;2021;Kacang Hijau;14.6;34.7;4.207492795;
Tulang Bawang Barat;2021;Kacang Tamnah;98.7167744;338.4;2.917162364;
Tulang Bawang Barat;2021;Kedelai;0;0;0;
Tulang Bawang Barat;2021;Padi;33802.34;6360.79;53.14173239;
Tulang Bawang Barat;2021;Padi Ladang;0;0;0;
Tulang Bawang Barat;2021;Padi Sawah;0;0;0;
Tulang Bawang Barat;2021;Ubijalar;565.5202912;41;137.9317783;
Tulang Bawang Barat;2021;Ubikayu / Ketela Pohon;679557.5487;26159.8;259.7716912;
Tulang Bawang Barat;2022;Jagung;0;0;0;
Tulang Bawang Barat;2022;Kacang Hijau;100.9;34.7;29.0778098;
Tulang Bawang Barat;2022;Kacang Tamnah;70.57039877;338.4;2.085413675;
Tulang Bawang Barat;2022;Kedelai;0;0;0;
Tulang Bawang Barat;2022;Padi;50700.33;6360.79;79.70759921;
Tulang Bawang Barat;2022;Padi Ladang;0;0;0;
Tulang Bawang Barat;2022;Padi Sawah;0;0;0;
Tulang Bawang Barat;2022;Ubijalar;413.1913902;41;100.7783878;
Tulang Bawang Barat;2022;Ubikayu / Ketela Pohon;679718.2001;26159.8;259.8331027;
Tulang Bawang Barat;2023;Jagung;0;0;0;
Tulang Bawang Barat;2023;Kacang Hijau;0;100;0;
Tulang Bawang Barat;2023;Kacang Tamnah;0;48.7;0;
Tulang Bawang Barat;2023;Kedelai;0;0;0;
Tulang Bawang Barat;2023;Padi;45954.48;10254.68;44.81317798;
Tulang Bawang Barat;2023;Padi Ladang;0;0;0;
Tulang Bawang Barat;2023;Padi Sawah;0;0;0;
Tulang Bawang Barat;2023;Ubijalar;0;21.5;0;
Tulang Bawang Barat;2023;Ubikayu / Ketela Pohon;0;26684.3;0;
Pesisir Barat;2017;Jagung;32668.48547;6050.6;53.99214205;
Pesisir Barat;2017;Kacang Hijau;0;87;0;
Pesisir Barat;2017;Kacang Tamnah;119.3531892;96;12.43262388;
Pesisir Barat;2017;Kedelai;309;217;14.23963134;
Pesisir Barat;2017;Padi;101696;20530.3;49.53459034;
Pesisir Barat;2017;Padi Ladang;0;0;0;
Pesisir Barat;2017;Padi Sawah;0;0;0;
Pesisir Barat;2017;Ubijalar;1041.341601;100;104.1341601;
Pesisir Barat;2017;Ubikayu / Ketela Pohon;3589.240913;161;222.9342182;
Pesisir Barat;2018;Jagung;0;0;0;
Pesisir Barat;2018;Kacang Hijau;63.1;76;8.302631579;
Pesisir Barat;2018;Kacang Tamnah;132.0533952;108;12.22716622;
Pesisir Barat;2018;Kedelai;1461.72199;1127;12.97002653;
Pesisir Barat;2018;Padi;67393.77;13208.91;51.02144689;
Pesisir Barat;2018;Padi Ladang;0;0;0;
Pesisir Barat;2018;Padi Sawah;0;0;0;
Pesisir Barat;2018;Ubijalar;2543.11401;117;217.3601718;
Pesisir Barat;2018;Ubikayu / Ketela Pohon;4146.236031;176;235.5815927;
Pesisir Barat;2019;Jagung;0;0;0;
Pesisir Barat;2019;Kacang Hijau;68.903;71;9.704647887;
Pesisir Barat;2019;Kacang Tamnah;41;80;5.125;
Pesisir Barat;2019;Kedelai;20;14;14.28571429;
Pesisir Barat;2019;Padi;50951.25;11038.55;46.15755693;
Pesisir Barat;2019;Padi Ladang;0;0;0;
Pesisir Barat;2019;Padi Sawah;0;0;0;
Pesisir Barat;2019;Ubijalar;1963.078487;98;200.3141314;
Pesisir Barat;2019;Ubikayu / Ketela Pohon;2941.450843;118;249.2754952;
Pesisir Barat;2020;Jagung;0;0;0;
Pesisir Barat;2020;Kacang Hijau;33.4;70;4.771428571;
Pesisir Barat;2020;Kacang Tamnah;126.3396572;86;14.69065781;
Pesisir Barat;2020;Kedelai;184.3041126;116;15.88828557;
Pesisir Barat;2020;Padi;60273.6;12808.37;47.05797849;
Pesisir Barat;2020;Padi Ladang;0;0;0;
Pesisir Barat;2020;Padi Sawah;0;0;0;
Pesisir Barat;2020;Ubijalar;1340.73086;85;157.7330423;
Pesisir Barat;2020;Ubikayu / Ketela Pohon;2898.915787;109;265.9555767;
Pesisir Barat;2021;Jagung;0;0;0;
Pesisir Barat;2021;Kacang Hijau;51.3;68;7.544117647;
Pesisir Barat;2021;Kacang Tamnah;145.0206436;124;11.69521319;
Pesisir Barat;2021;Kedelai;659.382336;454;14.52384;
Pesisir Barat;2021;Padi;62295.74;12215.56;50.99703984;
Pesisir Barat;2021;Padi Ladang;0;0;0;
Pesisir Barat;2021;Padi Sawah;0;0;0;
Pesisir Barat;2021;Ubijalar;1911.841011;99;193.1152536;
Pesisir Barat;2021;Ubikayu / Ketela Pohon;4015.814496;149;269.5177514;
Pesisir Barat;2022;Jagung;0;0;0;
Pesisir Barat;2022;Kacang Hijau;56.8;77;7.376623377;
Pesisir Barat;2022;Kacang Tamnah;143.3190358;105;13.64943198;
Pesisir Barat;2022;Kedelai;202.745574;125;16.21964592;
Pesisir Barat;2022;Padi;60772.93;11921.43;50.97788604;
Pesisir Barat;2022;Padi Ladang;0;0;0;
Pesisir Barat;2022;Padi Sawah;0;0;0;
Pesisir Barat;2022;Ubijalar;1357.678654;71;191.2223457;
Pesisir Barat;2022;Ubikayu / Ketela Pohon;3389.149675;133;254.8232838;
Pesisir Barat;2023;Jagung;0;0;0;
Pesisir Barat;2023;Kacang Hijau;0;0;0;
Pesisir Barat;2023;Kacang Tamnah;0;0;0;
Pesisir Barat;2023;Kedelai;0;0;0;
Pesisir Barat;2023;Padi;60121.34;10860.16;55.3595343;
Pesisir Barat;2023;Padi Ladang;0;0;0;
Pesisir Barat;2023;Padi Sawah;0;0;0;
Pesisir Barat;2023;Ubijalar;0;0;0;
Pesisir Barat;2023;Ubikayu / Ketela Pohon;0;0;0;
Bandar Lampung;2017;Jagung;641.4322408;116;55.29588283;
Bandar Lampung;2017;Kacang Hijau;0;1;0;
Bandar Lampung;2017;Kacang Tamnah;20.25132261;15;13.50088174;
Bandar Lampung;2017;Kedelai;0;0;0;
Bandar Lampung;2017;Padi;10190;1702.4;59.85667293;
Bandar Lampung;2017;Padi Ladang;0;0;0;
Bandar Lampung;2017;Padi Sawah;0;0;0;
Bandar Lampung;2017;Ubijalar;151.2451697;15;100.8301131;
Bandar Lampung;2017;Ubikayu / Ketela Pohon;1660.702947;65;255.4927611;
Bandar Lampung;2018;Jagung;0;0;0;
Bandar Lampung;2018;Kacang Hijau;1;1;10;
Bandar Lampung;2018;Kacang Tamnah;8.21661193;6;13.69435322;
Bandar Lampung;2018;Kedelai;0;0;0;
Bandar Lampung;2018;Padi;2794.74;496.26;56.31604401;
Bandar Lampung;2018;Padi Ladang;0;0;0;
Bandar Lampung;2018;Padi Sawah;0;0;0;
Bandar Lampung;2018;Ubijalar;352.1525231;16;220.0953269;
Bandar Lampung;2018;Ubikayu / Ketela Pohon;1009.902973;43;234.8611566;
Bandar Lampung;2019;Jagung;0;0;0;
Bandar Lampung;2019;Kacang Hijau;0;0;0;
Bandar Lampung;2019;Kacang Tamnah;3;3;10;
Bandar Lampung;2019;Kedelai;6;4.8;12.5;
Bandar Lampung;2019;Padi;2318.24;423.74;54.70901968;
Bandar Lampung;2019;Padi Ladang;0;0;0;
Bandar Lampung;2019;Padi Sawah;0;0;0;
Bandar Lampung;2019;Ubijalar;177.1490867;9;196.8323185;
Bandar Lampung;2019;Ubikayu / Ketela Pohon;1593.501333;68;234.3384314;
Bandar Lampung;2020;Jagung;0;0;0;
Bandar Lampung;2020;Kacang Hijau;0;0;0;
Bandar Lampung;2020;Kacang Tamnah;24.42051541;17;14.36500906;
Bandar Lampung;2020;Kedelai;0;0;0;
Bandar Lampung;2020;Padi;2506.64;523.07;47.92169308;
Bandar Lampung;2020;Padi Ladang;0;0;0;
Bandar Lampung;2020;Padi Sawah;0;0;0;
Bandar Lampung;2020;Ubijalar;127.3557369;8;159.1946711;
Bandar Lampung;2020;Ubikayu / Ketela Pohon;1220.548991;47;259.6912746;
Bandar Lampung;2021;Jagung;0;0;0;
Bandar Lampung;2021;Kacang Hijau;0;0;0;
Bandar Lampung;2021;Kacang Tamnah;0;0;0;
Bandar Lampung;2021;Kedelai;0;0;0;
Bandar Lampung;2021;Padi;2561.57;470.07;54.49337333;
Bandar Lampung;2021;Padi Ladang;0;0;0;
Bandar Lampung;2021;Padi Sawah;0;0;0;
Bandar Lampung;2021;Ubijalar;146.0426667;10;146.0426667;
Bandar Lampung;2021;Ubikayu / Ketela Pohon;1521.6;53.2;286.0150376;
Bandar Lampung;2022;Jagung;0;0;0;
Bandar Lampung;2022;Kacang Hijau;0;0;0;
Bandar Lampung;2022;Kacang Tamnah;4.347032941;2.5;17.38813176;
Bandar Lampung;2022;Kedelai;0;0;0;
Bandar Lampung;2022;Padi;2721.97;491.63;55.3662307;
Bandar Lampung;2022;Padi Ladang;0;0;0;
Bandar Lampung;2022;Padi Sawah;0;0;0;
Bandar Lampung;2022;Ubijalar;72.688;6.5;111.8276923;
Bandar Lampung;2022;Ubikayu / Ketela Pohon;1582.176;45;351.5946667;
Bandar Lampung;2023;Jagung;0;0;0;
Bandar Lampung;2023;Kacang Hijau;0;0;0;
Bandar Lampung;2023;Kacang Tamnah;0;0;0;
Bandar Lampung;2023;Kedelai;0;0;0;
Bandar Lampung;2023;Padi;2444.11;477.44;51.19198224;
Bandar Lampung;2023;Padi Ladang;0;0;0;
Bandar Lampung;2023;Padi Sawah;0;0;0;
Bandar Lampung;2023;Ubijalar;0;0;0;
Bandar Lampung;2023;Ubikayu / Ketela Pohon;0;0;0;
Metro;2017;Jagung;5269.228571;1000.5;52.66595274;
Metro;2017;Kacang Hijau;0;1;0;
Metro;2017;Kacang Tamnah;20.22382095;17.5;11.55646911;
Metro;2017;Kedelai;30;22.3;13.4529148;
Metro;2017;Padi;25899;4787.9;54.09260845;
Metro;2017;Padi Ladang;0;0;0;
Metro;2017;Padi Sawah;0;0;0;
Metro;2017;Ubijalar;28.22564265;2.9;97.32980225;
Metro;2017;Ubikayu / Ketela Pohon;1234.54;43;287.1023256;
Metro;2018;Jagung;0;0;0;
Metro;2018;Kacang Hijau;0;0;0;
Metro;2018;Kacang Tamnah;11.29019774;7.9;14.29138955;
Metro;2018;Kedelai;310.9931255;237.8;13.0779279;
Metro;2018;Padi;25189.74;5228.78;48.17517662;
Metro;2018;Padi Ladang;0;0;0;
Metro;2018;Padi Sawah;0;0;0;
Metro;2018;Ubijalar;174.3269538;8;217.9086923;
Metro;2018;Ubikayu / Ketela Pohon;1713.674396;55;311.577163;
Metro;2019;Jagung;0;0;0;
Metro;2019;Kacang Hijau;6.5632;6.9;9.511884058;
Metro;2019;Kacang Tamnah;3;10.8;2.777777778;
Metro;2019;Kedelai;2;1.9;10.52631579;
Metro;2019;Padi;13073.36;2998.62;43.59792171;
Metro;2019;Padi Ladang;0;0;0;
Metro;2019;Padi Sawah;0;0;0;
Metro;2019;Ubijalar;223.9069776;11.8;189.7516759;
Metro;2019;Ubikayu / Ketela Pohon;1817.115333;56;324.484881;
Metro;2020;Jagung;0;0;0;
Metro;2020;Kacang Hijau;2;1.9;10.52631579;
Metro;2020;Kacang Tamnah;5.453613685;3.9;13.98362483;
Metro;2020;Kedelai;0;0;0;
Metro;2020;Padi;41669.07;7280.04;57.23741903;
Metro;2020;Padi Ladang;0;0;0;
Metro;2020;Padi Sawah;0;0;0;
Metro;2020;Ubijalar;14.664;1;146.64;
Metro;2020;Ubikayu / Ketela Pohon;1174.581128;32;367.0566026;
Metro;2021;Jagung;0;0;0;
Metro;2021;Kacang Hijau;0;0;0;
Metro;2021;Kacang Tamnah;22.1933824;17.8;12.46819236;
Metro;2021;Kedelai;0;0;0;
Metro;2021;Padi;24205.52;5179.2;46.73602101;
Metro;2021;Padi Ladang;0;0;0;
Metro;2021;Padi Sawah;0;0;0;
Metro;2021;Ubijalar;197.2840275;11;179.3491159;
Metro;2021;Ubikayu / Ketela Pohon;1114.337142;41;271.7895469;
Metro;2022;Jagung;0;0;0;
Metro;2022;Kacang Hijau;7;6.5;10.76923077;
Metro;2022;Kacang Tamnah;25.06490447;17.8;14.08140701;
Metro;2022;Kedelai;38.6841;27.3;14.17;
Metro;2022;Padi;29297.35;5323.92;55.0296586;
Metro;2022;Padi Ladang;0;0;0;
Metro;2022;Padi Sawah;0;0;0;
Metro;2022;Ubijalar;227.2707869;12;189.3923224;
Metro;2022;Ubikayu / Ketela Pohon;945.0551655;35;270.0157616;
Metro;2023;Jagung;0;0;0;
Metro;2023;Kacang Hijau;0;0;0;
Metro;2023;Kacang Tamnah;0;0;0;
Metro;2023;Kedelai;0;0;0;
Metro;2023;Padi;29992.75;5279.15;56.81359689;
Metro;2023;Padi Ladang;0;0;0;
Metro;2023;Padi Sawah;0;0;0;
Metro;2023;Ubijalar;0;0;0;
Metro;2023;Ubikayu / Ketela Pohon;0;0;0;
Pringsewu;2017;Jagung;40326.00384;7751.3;52.0248266;
Pringsewu;2017;Kacang Hijau;0;27.4;0;
Pringsewu;2017;Kacang Tamnah;65.78706867;52.2;12.60288672;
Pringsewu;2017;Kedelai;646.6341982;480.5;13.45752754;
Pringsewu;2017;Padi;138009;25497.2;54.12711984;
Pringsewu;2017;Padi Ladang;0;0;0;
Pringsewu;2017;Padi Sawah;0;0;0;
Pringsewu;2017;Ubijalar;363.2341153;33;110.070944;
Pringsewu;2017;Ubikayu / Ketela Pohon;3852.240434;168;229.3000259;
Pringsewu;2018;Jagung;0;0;0;
Pringsewu;2018;Kacang Hijau;14;314.7;0.444868128;
Pringsewu;2018;Kacang Tamnah;61.69798492;42.4;14.55141154;
Pringsewu;2018;Kedelai;1339.046887;1001.9;13.36507522;
Pringsewu;2018;Padi;141246.17;24838.07;56.86680567;
Pringsewu;2018;Padi Ladang;0;0;0;
Pringsewu;2018;Padi Sawah;0;0;0;
Pringsewu;2018;Ubijalar;1175.733426;54.2;216.9249863;
Pringsewu;2018;Ubikayu / Ketela Pohon;24334.19926;1054;230.8747558;
Pringsewu;2019;Jagung;0;0;0;
Pringsewu;2019;Kacang Hijau;54.8132;55.4;9.894079422;
Pringsewu;2019;Kacang Tamnah;13.9164614;10.8;12.88561241;
Pringsewu;2019;Kedelai;1182;897.2;13.17432011;
Pringsewu;2019;Padi;112699.15;21439.28;52.56666735;
Pringsewu;2019;Padi Ladang;0;0;0;
Pringsewu;2019;Padi Sawah;0;0;0;
Pringsewu;2019;Ubijalar;865.3621464;48;180.2837805;
Pringsewu;2019;Ubikayu / Ketela Pohon;17372.56236;707;245.7222399;
Pringsewu;2020;Jagung;0;0;0;
Pringsewu;2020;Kacang Hijau;12.5;12.2;10.24590164;
Pringsewu;2020;Kacang Tamnah;22.54494926;15.7;14.35984029;
Pringsewu;2020;Kedelai;193.3212655;120.5;16.04325855;
Pringsewu;2020;Padi;130867.36;23041.49;56.79639641;
Pringsewu;2020;Padi Ladang;0;0;0;
Pringsewu;2020;Padi Sawah;0;0;0;
Pringsewu;2020;Ubijalar;323.3804279;20;161.690214;
Pringsewu;2020;Ubikayu / Ketela Pohon;15294.8776;579;264.160235;
Pringsewu;2021;Jagung;0;0;0;
Pringsewu;2021;Kacang Hijau;15.8;18;8.777777778;
Pringsewu;2021;Kacang Tamnah;19.94190222;16;12.46368889;
Pringsewu;2021;Kedelai;70.2953856;48.4;14.52384;
Pringsewu;2021;Padi;122185.57;21574.65;56.63385965;
Pringsewu;2021;Padi Ladang;0;0;0;
Pringsewu;2021;Padi Sawah;0;0;0;
Pringsewu;2021;Ubijalar;688.2508736;37.5;183.5335663;
Pringsewu;2021;Ubikayu / Ketela Pohon;15266.58605;716.5;213.0716824;
Pringsewu;2022;Jagung;0;0;0;
Pringsewu;2022;Kacang Hijau;17.3;19;9.105263158;
Pringsewu;2022;Kacang Tamnah;5.533293223;3.9;14.18793134;
Pringsewu;2022;Kedelai;24.2342964;13.5;17.95133067;
Pringsewu;2022;Padi;137096.53;23489.05;58.36614508;
Pringsewu;2022;Padi Ladang;0;0;0;
Pringsewu;2022;Padi Sawah;0;0;0;
Pringsewu;2022;Ubijalar;34.35906977;2;171.7953488;
Pringsewu;2022;Ubikayu / Ketela Pohon;14758.34117;536.5;275.0855764;
Pringsewu;2023;Jagung;0;0;0;
Pringsewu;2023;Kacang Hijau;0;0;0;
Pringsewu;2023;Kacang Tamnah;0;0;0;
Pringsewu;2023;Kedelai;0;0;0;
Pringsewu;2023;Padi;128637.72;21752.76;59.13627512;
Pringsewu;2023;Padi Ladang;0;0;0;
Pringsewu;2023;Padi Sawah;0;0;0;
Pringsewu;2023;Ubijalar;0;0;0;
Pringsewu;2023;Ubikayu / Ketela Pohon;0;0;0;
